id,segment,region,channel,product,quantity,price,revenue,discount,created_at
1,Enterprise,South,Partner,Product_02,2,27,47,7,2026-04-02
2,MidMarket,East,Retail,Product_03,3,44,118,14,2026-04-03
3,Startup,West,Web,Product_04,4,61,223,21,2026-04-04
4,SMB,Central,Partner,Product_05,5,78,362,28,2026-04-05
5,Enterprise,North,Retail,Product_06,6,95,565,5,2026-04-06
6,MidMarket,South,Web,Product_07,7,112,772,12,2026-04-07
7,Startup,East,Partner,Product_08,8,129,1013,19,2026-04-08
8,SMB,West,Retail,Product_09,9,146,1288,26,2026-04-09
9,Enterprise,Central,Web,Product_10,10,163,1627,3,2026-04-10
10,MidMarket,North,Partner,Product_11,11,180,1970,10,2026-04-11
11,Startup,South,Retail,Product_12,12,197,2347,17,2026-04-12
12,SMB,East,Web,Product_01,13,214,2758,24,2026-04-13
13,Enterprise,West,Partner,Product_02,14,231,3233,1,2026-04-14
14,MidMarket,Central,Retail,Product_03,15,248,3712,8,2026-04-15
15,Startup,North,Web,Product_04,16,25,385,15,2026-04-16
16,SMB,South,Partner,Product_05,17,42,692,22,2026-04-17
17,Enterprise,East,Retail,Product_06,18,59,1033,29,2026-04-18
18,MidMarket,West,Web,Product_07,19,76,1438,6,2026-04-19
19,Startup,Central,Partner,Product_08,20,93,1847,13,2026-04-20
20,SMB,North,Retail,Product_09,1,110,90,20,2026-04-21
21,Enterprise,South,Web,Product_10,2,127,227,27,2026-04-22
22,MidMarket,East,Partner,Product_11,3,144,428,4,2026-04-23
23,Startup,West,Retail,Product_12,4,161,633,11,2026-04-24
24,SMB,Central,Web,Product_01,5,178,872,18,2026-04-25
25,Enterprise,North,Partner,Product_02,6,195,1145,25,2026-04-26
26,MidMarket,South,Retail,Product_03,7,212,1482,2,2026-04-27
27,Startup,East,Web,Product_04,8,229,1823,9,2026-04-28
28,SMB,West,Partner,Product_05,9,246,2198,16,2026-04-01
29,Enterprise,Central,Retail,Product_06,10,23,207,23,2026-04-02
30,MidMarket,North,Web,Product_07,11,40,440,0,2026-04-03
31,Startup,South,Partner,Product_08,12,57,677,7,2026-04-04
32,SMB,East,Retail,Product_09,13,74,948,14,2026-04-05
33,Enterprise,West,Web,Product_10,14,91,1253,21,2026-04-06
34,MidMarket,Central,Partner,Product_11,15,108,1592,28,2026-04-07
35,Startup,North,Retail,Product_12,16,125,1995,5,2026-04-08
36,SMB,South,Web,Product_01,17,142,2402,12,2026-04-09
37,Enterprise,East,Partner,Product_02,18,159,2843,19,2026-04-10
38,MidMarket,West,Retail,Product_03,19,176,3318,26,2026-04-11
39,Startup,Central,Web,Product_04,20,193,3857,3,2026-04-12
40,SMB,North,Partner,Product_05,1,210,200,10,2026-04-13
41,Enterprise,South,Retail,Product_06,2,227,437,17,2026-04-14
42,MidMarket,East,Web,Product_07,3,244,708,24,2026-04-15
43,Startup,West,Partner,Product_08,4,21,83,1,2026-04-16
44,SMB,Central,Retail,Product_09,5,38,182,8,2026-04-17
45,Enterprise,North,Web,Product_10,6,55,315,15,2026-04-18
46,MidMarket,South,Partner,Product_11,7,72,482,22,2026-04-19
47,Startup,East,Retail,Product_12,8,89,683,29,2026-04-20
48,SMB,West,Web,Product_01,9,106,948,6,2026-04-21
49,Enterprise,Central,Partner,Product_02,10,123,1217,13,2026-04-22
50,MidMarket,North,Retail,Product_03,11,140,1520,20,2026-04-23
51,Startup,South,Web,Product_04,12,157,1857,27,2026-04-24
52,SMB,East,Partner,Product_05,13,174,2258,4,2026-04-25
53,Enterprise,West,Retail,Product_06,14,191,2663,11,2026-04-26
54,MidMarket,Central,Web,Product_07,15,208,3102,18,2026-04-27
55,Startup,North,Partner,Product_08,16,225,3575,25,2026-04-28
56,SMB,South,Retail,Product_09,17,242,4112,2,2026-04-01
57,Enterprise,East,Web,Product_10,18,19,333,9,2026-04-02
58,MidMarket,West,Partner,Product_11,19,36,668,16,2026-04-03
59,Startup,Central,Retail,Product_12,20,53,1037,23,2026-04-04
60,SMB,North,Web,Product_01,1,70,70,0,2026-04-05
61,Enterprise,South,Partner,Product_02,2,87,167,7,2026-04-06
62,MidMarket,East,Retail,Product_03,3,104,298,14,2026-04-07
63,Startup,West,Web,Product_04,4,121,463,21,2026-04-08
64,SMB,Central,Partner,Product_05,5,138,662,28,2026-04-09
65,Enterprise,North,Retail,Product_06,6,155,925,5,2026-04-10
66,MidMarket,South,Web,Product_07,7,172,1192,12,2026-04-11
67,Startup,East,Partner,Product_08,8,189,1493,19,2026-04-12
68,SMB,West,Retail,Product_09,9,206,1828,26,2026-04-13
69,Enterprise,Central,Web,Product_10,10,223,2227,3,2026-04-14
70,MidMarket,North,Partner,Product_11,11,240,2630,10,2026-04-15
71,Startup,South,Retail,Product_12,12,17,187,17,2026-04-16
72,SMB,East,Web,Product_01,13,34,418,24,2026-04-17
73,Enterprise,West,Partner,Product_02,14,51,713,1,2026-04-18
74,MidMarket,Central,Retail,Product_03,15,68,1012,8,2026-04-19
75,Startup,North,Web,Product_04,16,85,1345,15,2026-04-20
76,SMB,South,Partner,Product_05,17,102,1712,22,2026-04-21
77,Enterprise,East,Retail,Product_06,18,119,2113,29,2026-04-22
78,MidMarket,West,Web,Product_07,19,136,2578,6,2026-04-23
79,Startup,Central,Partner,Product_08,20,153,3047,13,2026-04-24
80,SMB,North,Retail,Product_09,1,170,150,20,2026-04-25
81,Enterprise,South,Web,Product_10,2,187,347,27,2026-04-26
82,MidMarket,East,Partner,Product_11,3,204,608,4,2026-04-27
83,Startup,West,Retail,Product_12,4,221,873,11,2026-04-28
84,SMB,Central,Web,Product_01,5,238,1172,18,2026-04-01
85,Enterprise,North,Partner,Product_02,6,15,65,25,2026-04-02
86,MidMarket,South,Retail,Product_03,7,32,222,2,2026-04-03
87,Startup,East,Web,Product_04,8,49,383,9,2026-04-04
88,SMB,West,Partner,Product_05,9,66,578,16,2026-04-05
89,Enterprise,Central,Retail,Product_06,10,83,807,23,2026-04-06
90,MidMarket,North,Web,Product_07,11,100,1100,0,2026-04-07
91,Startup,South,Partner,Product_08,12,117,1397,7,2026-04-08
92,SMB,East,Retail,Product_09,13,134,1728,14,2026-04-09
93,Enterprise,West,Web,Product_10,14,151,2093,21,2026-04-10
94,MidMarket,Central,Partner,Product_11,15,168,2492,28,2026-04-11
95,Startup,North,Retail,Product_12,16,185,2955,5,2026-04-12
96,SMB,South,Web,Product_01,17,202,3422,12,2026-04-13
97,Enterprise,East,Partner,Product_02,18,219,3923,19,2026-04-14
98,MidMarket,West,Retail,Product_03,19,236,4458,26,2026-04-15
99,Startup,Central,Web,Product_04,20,13,257,3,2026-04-16
100,SMB,North,Partner,Product_05,1,30,20,10,2026-04-17
101,Enterprise,South,Retail,Product_06,2,47,77,17,2026-04-18
102,MidMarket,East,Web,Product_07,3,64,168,24,2026-04-19
103,Startup,West,Partner,Product_08,4,81,323,1,2026-04-20
104,SMB,Central,Retail,Product_09,5,98,482,8,2026-04-21
105,Enterprise,North,Web,Product_10,6,115,675,15,2026-04-22
106,MidMarket,South,Partner,Product_11,7,132,902,22,2026-04-23
107,Startup,East,Retail,Product_12,8,149,1163,29,2026-04-24
108,SMB,West,Web,Product_01,9,166,1488,6,2026-04-25
109,Enterprise,Central,Partner,Product_02,10,183,1817,13,2026-04-26
110,MidMarket,North,Retail,Product_03,11,200,2180,20,2026-04-27
111,Startup,South,Web,Product_04,12,217,2577,27,2026-04-28
112,SMB,East,Partner,Product_05,13,234,3038,4,2026-04-01
113,Enterprise,West,Retail,Product_06,14,11,143,11,2026-04-02
114,MidMarket,Central,Web,Product_07,15,28,402,18,2026-04-03
115,Startup,North,Partner,Product_08,16,45,695,25,2026-04-04
116,SMB,South,Retail,Product_09,17,62,1052,2,2026-04-05
117,Enterprise,East,Web,Product_10,18,79,1413,9,2026-04-06
118,MidMarket,West,Partner,Product_11,19,96,1808,16,2026-04-07
119,Startup,Central,Retail,Product_12,20,113,2237,23,2026-04-08
120,SMB,North,Web,Product_01,1,130,130,0,2026-04-09
121,Enterprise,South,Partner,Product_02,2,147,287,7,2026-04-10
122,MidMarket,East,Retail,Product_03,3,164,478,14,2026-04-11
123,Startup,West,Web,Product_04,4,181,703,21,2026-04-12
124,SMB,Central,Partner,Product_05,5,198,962,28,2026-04-13
125,Enterprise,North,Retail,Product_06,6,215,1285,5,2026-04-14
126,MidMarket,South,Web,Product_07,7,232,1612,12,2026-04-15
127,Startup,East,Partner,Product_08,8,249,1973,19,2026-04-16
128,SMB,West,Retail,Product_09,9,26,208,26,2026-04-17
129,Enterprise,Central,Web,Product_10,10,43,427,3,2026-04-18
130,MidMarket,North,Partner,Product_11,11,60,650,10,2026-04-19
131,Startup,South,Retail,Product_12,12,77,907,17,2026-04-20
132,SMB,East,Web,Product_01,13,94,1198,24,2026-04-21
133,Enterprise,West,Partner,Product_02,14,111,1553,1,2026-04-22
134,MidMarket,Central,Retail,Product_03,15,128,1912,8,2026-04-23
135,Startup,North,Web,Product_04,16,145,2305,15,2026-04-24
136,SMB,South,Partner,Product_05,17,162,2732,22,2026-04-25
137,Enterprise,East,Retail,Product_06,18,179,3193,29,2026-04-26
138,MidMarket,West,Web,Product_07,19,196,3718,6,2026-04-27
139,Startup,Central,Partner,Product_08,20,213,4247,13,2026-04-28
140,SMB,North,Retail,Product_09,1,230,210,20,2026-04-01
141,Enterprise,South,Web,Product_10,2,247,467,27,2026-04-02
142,MidMarket,East,Partner,Product_11,3,24,68,4,2026-04-03
143,Startup,West,Retail,Product_12,4,41,153,11,2026-04-04
144,SMB,Central,Web,Product_01,5,58,272,18,2026-04-05
145,Enterprise,North,Partner,Product_02,6,75,425,25,2026-04-06
146,MidMarket,South,Retail,Product_03,7,92,642,2,2026-04-07
147,Startup,East,Web,Product_04,8,109,863,9,2026-04-08
148,SMB,West,Partner,Product_05,9,126,1118,16,2026-04-09
149,Enterprise,Central,Retail,Product_06,10,143,1407,23,2026-04-10
150,MidMarket,North,Web,Product_07,11,160,1760,0,2026-04-11
151,Startup,South,Partner,Product_08,12,177,2117,7,2026-04-12
152,SMB,East,Retail,Product_09,13,194,2508,14,2026-04-13
153,Enterprise,West,Web,Product_10,14,211,2933,21,2026-04-14
154,MidMarket,Central,Partner,Product_11,15,228,3392,28,2026-04-15
155,Startup,North,Retail,Product_12,16,245,3915,5,2026-04-16
156,SMB,South,Web,Product_01,17,22,362,12,2026-04-17
157,Enterprise,East,Partner,Product_02,18,39,683,19,2026-04-18
158,MidMarket,West,Retail,Product_03,19,56,1038,26,2026-04-19
159,Startup,Central,Web,Product_04,20,73,1457,3,2026-04-20
160,SMB,North,Partner,Product_05,1,90,80,10,2026-04-21
161,Enterprise,South,Retail,Product_06,2,107,197,17,2026-04-22
162,MidMarket,East,Web,Product_07,3,124,348,24,2026-04-23
163,Startup,West,Partner,Product_08,4,141,563,1,2026-04-24
164,SMB,Central,Retail,Product_09,5,158,782,8,2026-04-25
165,Enterprise,North,Web,Product_10,6,175,1035,15,2026-04-26
166,MidMarket,South,Partner,Product_11,7,192,1322,22,2026-04-27
167,Startup,East,Retail,Product_12,8,209,1643,29,2026-04-28
168,SMB,West,Web,Product_01,9,226,2028,6,2026-04-01
169,Enterprise,Central,Partner,Product_02,10,243,2417,13,2026-04-02
170,MidMarket,North,Retail,Product_03,11,20,200,20,2026-04-03
171,Startup,South,Web,Product_04,12,37,417,27,2026-04-04
172,SMB,East,Partner,Product_05,13,54,698,4,2026-04-05
173,Enterprise,West,Retail,Product_06,14,71,983,11,2026-04-06
174,MidMarket,Central,Web,Product_07,15,88,1302,18,2026-04-07
175,Startup,North,Partner,Product_08,16,105,1655,25,2026-04-08
176,SMB,South,Retail,Product_09,17,122,2072,2,2026-04-09
177,Enterprise,East,Web,Product_10,18,139,2493,9,2026-04-10
178,MidMarket,West,Partner,Product_11,19,156,2948,16,2026-04-11
179,Startup,Central,Retail,Product_12,20,173,3437,23,2026-04-12
180,SMB,North,Web,Product_01,1,190,190,0,2026-04-13
181,Enterprise,South,Partner,Product_02,2,207,407,7,2026-04-14
182,MidMarket,East,Retail,Product_03,3,224,658,14,2026-04-15
183,Startup,West,Web,Product_04,4,241,943,21,2026-04-16
184,SMB,Central,Partner,Product_05,5,18,62,28,2026-04-17
185,Enterprise,North,Retail,Product_06,6,35,205,5,2026-04-18
186,MidMarket,South,Web,Product_07,7,52,352,12,2026-04-19
187,Startup,East,Partner,Product_08,8,69,533,19,2026-04-20
188,SMB,West,Retail,Product_09,9,86,748,26,2026-04-21
189,Enterprise,Central,Web,Product_10,10,103,1027,3,2026-04-22
190,MidMarket,North,Partner,Product_11,11,120,1310,10,2026-04-23
191,Startup,South,Retail,Product_12,12,137,1627,17,2026-04-24
192,SMB,East,Web,Product_01,13,154,1978,24,2026-04-25
193,Enterprise,West,Partner,Product_02,14,171,2393,1,2026-04-26
194,MidMarket,Central,Retail,Product_03,15,188,2812,8,2026-04-27
195,Startup,North,Web,Product_04,16,205,3265,15,2026-04-28
196,SMB,South,Partner,Product_05,17,222,3752,22,2026-04-01
197,Enterprise,East,Retail,Product_06,18,239,4273,29,2026-04-02
198,MidMarket,West,Web,Product_07,19,16,298,6,2026-04-03
199,Startup,Central,Partner,Product_08,20,33,647,13,2026-04-04
200,SMB,North,Retail,Product_09,1,50,30,20,2026-04-05
201,Enterprise,South,Web,Product_10,2,67,107,27,2026-04-06
202,MidMarket,East,Partner,Product_11,3,84,248,4,2026-04-07
203,Startup,West,Retail,Product_12,4,101,393,11,2026-04-08
204,SMB,Central,Web,Product_01,5,118,572,18,2026-04-09
205,Enterprise,North,Partner,Product_02,6,135,785,25,2026-04-10
206,MidMarket,South,Retail,Product_03,7,152,1062,2,2026-04-11
207,Startup,East,Web,Product_04,8,169,1343,9,2026-04-12
208,SMB,West,Partner,Product_05,9,186,1658,16,2026-04-13
209,Enterprise,Central,Retail,Product_06,10,203,2007,23,2026-04-14
210,MidMarket,North,Web,Product_07,11,220,2420,0,2026-04-15
211,Startup,South,Partner,Product_08,12,237,2837,7,2026-04-16
212,SMB,East,Retail,Product_09,13,14,168,14,2026-04-17
213,Enterprise,West,Web,Product_10,14,31,413,21,2026-04-18
214,MidMarket,Central,Partner,Product_11,15,48,692,28,2026-04-19
215,Startup,North,Retail,Product_12,16,65,1035,5,2026-04-20
216,SMB,South,Web,Product_01,17,82,1382,12,2026-04-21
217,Enterprise,East,Partner,Product_02,18,99,1763,19,2026-04-22
218,MidMarket,West,Retail,Product_03,19,116,2178,26,2026-04-23
219,Startup,Central,Web,Product_04,20,133,2657,3,2026-04-24
220,SMB,North,Partner,Product_05,1,150,140,10,2026-04-25
221,Enterprise,South,Retail,Product_06,2,167,317,17,2026-04-26
222,MidMarket,East,Web,Product_07,3,184,528,24,2026-04-27
223,Startup,West,Partner,Product_08,4,201,803,1,2026-04-28
224,SMB,Central,Retail,Product_09,5,218,1082,8,2026-04-01
225,Enterprise,North,Web,Product_10,6,235,1395,15,2026-04-02
226,MidMarket,South,Partner,Product_11,7,12,62,22,2026-04-03
227,Startup,East,Retail,Product_12,8,29,203,29,2026-04-04
228,SMB,West,Web,Product_01,9,46,408,6,2026-04-05
229,Enterprise,Central,Partner,Product_02,10,63,617,13,2026-04-06
230,MidMarket,North,Retail,Product_03,11,80,860,20,2026-04-07
231,Startup,South,Web,Product_04,12,97,1137,27,2026-04-08
232,SMB,East,Partner,Product_05,13,114,1478,4,2026-04-09
233,Enterprise,West,Retail,Product_06,14,131,1823,11,2026-04-10
234,MidMarket,Central,Web,Product_07,15,148,2202,18,2026-04-11
235,Startup,North,Partner,Product_08,16,165,2615,25,2026-04-12
236,SMB,South,Retail,Product_09,17,182,3092,2,2026-04-13
237,Enterprise,East,Web,Product_10,18,199,3573,9,2026-04-14
238,MidMarket,West,Partner,Product_11,19,216,4088,16,2026-04-15
239,Startup,Central,Retail,Product_12,20,233,4637,23,2026-04-16
240,SMB,North,Web,Product_01,1,10,10,0,2026-04-17
241,Enterprise,South,Partner,Product_02,2,27,47,7,2026-04-18
242,MidMarket,East,Retail,Product_03,3,44,118,14,2026-04-19
243,Startup,West,Web,Product_04,4,61,223,21,2026-04-20
244,SMB,Central,Partner,Product_05,5,78,362,28,2026-04-21
245,Enterprise,North,Retail,Product_06,6,95,565,5,2026-04-22
246,MidMarket,South,Web,Product_07,7,112,772,12,2026-04-23
247,Startup,East,Partner,Product_08,8,129,1013,19,2026-04-24
248,SMB,West,Retail,Product_09,9,146,1288,26,2026-04-25
249,Enterprise,Central,Web,Product_10,10,163,1627,3,2026-04-26
250,MidMarket,North,Partner,Product_11,11,180,1970,10,2026-04-27
251,Startup,South,Retail,Product_12,12,197,2347,17,2026-04-28
252,SMB,East,Web,Product_01,13,214,2758,24,2026-04-01
253,Enterprise,West,Partner,Product_02,14,231,3233,1,2026-04-02
254,MidMarket,Central,Retail,Product_03,15,248,3712,8,2026-04-03
255,Startup,North,Web,Product_04,16,25,385,15,2026-04-04
256,SMB,South,Partner,Product_05,17,42,692,22,2026-04-05
257,Enterprise,East,Retail,Product_06,18,59,1033,29,2026-04-06
258,MidMarket,West,Web,Product_07,19,76,1438,6,2026-04-07
259,Startup,Central,Partner,Product_08,20,93,1847,13,2026-04-08
260,SMB,North,Retail,Product_09,1,110,90,20,2026-04-09
261,Enterprise,South,Web,Product_10,2,127,227,27,2026-04-10
262,MidMarket,East,Partner,Product_11,3,144,428,4,2026-04-11
263,Startup,West,Retail,Product_12,4,161,633,11,2026-04-12
264,SMB,Central,Web,Product_01,5,178,872,18,2026-04-13
265,Enterprise,North,Partner,Product_02,6,195,1145,25,2026-04-14
266,MidMarket,South,Retail,Product_03,7,212,1482,2,2026-04-15
267,Startup,East,Web,Product_04,8,229,1823,9,2026-04-16
268,SMB,West,Partner,Product_05,9,246,2198,16,2026-04-17
269,Enterprise,Central,Retail,Product_06,10,23,207,23,2026-04-18
270,MidMarket,North,Web,Product_07,11,40,440,0,2026-04-19
271,Startup,South,Partner,Product_08,12,57,677,7,2026-04-20
272,SMB,East,Retail,Product_09,13,74,948,14,2026-04-21
273,Enterprise,West,Web,Product_10,14,91,1253,21,2026-04-22
274,MidMarket,Central,Partner,Product_11,15,108,1592,28,2026-04-23
275,Startup,North,Retail,Product_12,16,125,1995,5,2026-04-24
276,SMB,South,Web,Product_01,17,142,2402,12,2026-04-25
277,Enterprise,East,Partner,Product_02,18,159,2843,19,2026-04-26
278,MidMarket,West,Retail,Product_03,19,176,3318,26,2026-04-27
279,Startup,Central,Web,Product_04,20,193,3857,3,2026-04-28
280,SMB,North,Partner,Product_05,1,210,200,10,2026-04-01
281,Enterprise,South,Retail,Product_06,2,227,437,17,2026-04-02
282,MidMarket,East,Web,Product_07,3,244,708,24,2026-04-03
283,Startup,West,Partner,Product_08,4,21,83,1,2026-04-04
284,SMB,Central,Retail,Product_09,5,38,182,8,2026-04-05
285,Enterprise,North,Web,Product_10,6,55,315,15,2026-04-06
286,MidMarket,South,Partner,Product_11,7,72,482,22,2026-04-07
287,Startup,East,Retail,Product_12,8,89,683,29,2026-04-08
288,SMB,West,Web,Product_01,9,106,948,6,2026-04-09
289,Enterprise,Central,Partner,Product_02,10,123,1217,13,2026-04-10
290,MidMarket,North,Retail,Product_03,11,140,1520,20,2026-04-11
291,Startup,South,Web,Product_04,12,157,1857,27,2026-04-12
292,SMB,East,Partner,Product_05,13,174,2258,4,2026-04-13
293,Enterprise,West,Retail,Product_06,14,191,2663,11,2026-04-14
294,MidMarket,Central,Web,Product_07,15,208,3102,18,2026-04-15
295,Startup,North,Partner,Product_08,16,225,3575,25,2026-04-16
296,SMB,South,Retail,Product_09,17,242,4112,2,2026-04-17
297,Enterprise,East,Web,Product_10,18,19,333,9,2026-04-18
298,MidMarket,West,Partner,Product_11,19,36,668,16,2026-04-19
299,Startup,Central,Retail,Product_12,20,53,1037,23,2026-04-20
300,SMB,North,Web,Product_01,1,70,70,0,2026-04-21
301,Enterprise,South,Partner,Product_02,2,87,167,7,2026-04-22
302,MidMarket,East,Retail,Product_03,3,104,298,14,2026-04-23
303,Startup,West,Web,Product_04,4,121,463,21,2026-04-24
304,SMB,Central,Partner,Product_05,5,138,662,28,2026-04-25
305,Enterprise,North,Retail,Product_06,6,155,925,5,2026-04-26
306,MidMarket,South,Web,Product_07,7,172,1192,12,2026-04-27
307,Startup,East,Partner,Product_08,8,189,1493,19,2026-04-28
308,SMB,West,Retail,Product_09,9,206,1828,26,2026-04-01
309,Enterprise,Central,Web,Product_10,10,223,2227,3,2026-04-02
310,MidMarket,North,Partner,Product_11,11,240,2630,10,2026-04-03
311,Startup,South,Retail,Product_12,12,17,187,17,2026-04-04
312,SMB,East,Web,Product_01,13,34,418,24,2026-04-05
313,Enterprise,West,Partner,Product_02,14,51,713,1,2026-04-06
314,MidMarket,Central,Retail,Product_03,15,68,1012,8,2026-04-07
315,Startup,North,Web,Product_04,16,85,1345,15,2026-04-08
316,SMB,South,Partner,Product_05,17,102,1712,22,2026-04-09
317,Enterprise,East,Retail,Product_06,18,119,2113,29,2026-04-10
318,MidMarket,West,Web,Product_07,19,136,2578,6,2026-04-11
319,Startup,Central,Partner,Product_08,20,153,3047,13,2026-04-12
320,SMB,North,Retail,Product_09,1,170,150,20,2026-04-13
321,Enterprise,South,Web,Product_10,2,187,347,27,2026-04-14
322,MidMarket,East,Partner,Product_11,3,204,608,4,2026-04-15
323,Startup,West,Retail,Product_12,4,221,873,11,2026-04-16
324,SMB,Central,Web,Product_01,5,238,1172,18,2026-04-17
325,Enterprise,North,Partner,Product_02,6,15,65,25,2026-04-18
326,MidMarket,South,Retail,Product_03,7,32,222,2,2026-04-19
327,Startup,East,Web,Product_04,8,49,383,9,2026-04-20
328,SMB,West,Partner,Product_05,9,66,578,16,2026-04-21
329,Enterprise,Central,Retail,Product_06,10,83,807,23,2026-04-22
330,MidMarket,North,Web,Product_07,11,100,1100,0,2026-04-23
331,Startup,South,Partner,Product_08,12,117,1397,7,2026-04-24
332,SMB,East,Retail,Product_09,13,134,1728,14,2026-04-25
333,Enterprise,West,Web,Product_10,14,151,2093,21,2026-04-26
334,MidMarket,Central,Partner,Product_11,15,168,2492,28,2026-04-27
335,Startup,North,Retail,Product_12,16,185,2955,5,2026-04-28
336,SMB,South,Web,Product_01,17,202,3422,12,2026-04-01
337,Enterprise,East,Partner,Product_02,18,219,3923,19,2026-04-02
338,MidMarket,West,Retail,Product_03,19,236,4458,26,2026-04-03
339,Startup,Central,Web,Product_04,20,13,257,3,2026-04-04
340,SMB,North,Partner,Product_05,1,30,20,10,2026-04-05
341,Enterprise,South,Retail,Product_06,2,47,77,17,2026-04-06
342,MidMarket,East,Web,Product_07,3,64,168,24,2026-04-07
343,Startup,West,Partner,Product_08,4,81,323,1,2026-04-08
344,SMB,Central,Retail,Product_09,5,98,482,8,2026-04-09
345,Enterprise,North,Web,Product_10,6,115,675,15,2026-04-10
346,MidMarket,South,Partner,Product_11,7,132,902,22,2026-04-11
347,Startup,East,Retail,Product_12,8,149,1163,29,2026-04-12
348,SMB,West,Web,Product_01,9,166,1488,6,2026-04-13
349,Enterprise,Central,Partner,Product_02,10,183,1817,13,2026-04-14
350,MidMarket,North,Retail,Product_03,11,200,2180,20,2026-04-15
351,Startup,South,Web,Product_04,12,217,2577,27,2026-04-16
352,SMB,East,Partner,Product_05,13,234,3038,4,2026-04-17
353,Enterprise,West,Retail,Product_06,14,11,143,11,2026-04-18
354,MidMarket,Central,Web,Product_07,15,28,402,18,2026-04-19
355,Startup,North,Partner,Product_08,16,45,695,25,2026-04-20
356,SMB,South,Retail,Product_09,17,62,1052,2,2026-04-21
357,Enterprise,East,Web,Product_10,18,79,1413,9,2026-04-22
358,MidMarket,West,Partner,Product_11,19,96,1808,16,2026-04-23
359,Startup,Central,Retail,Product_12,20,113,2237,23,2026-04-24
360,SMB,North,Web,Product_01,1,130,130,0,2026-04-25
361,Enterprise,South,Partner,Product_02,2,147,287,7,2026-04-26
362,MidMarket,East,Retail,Product_03,3,164,478,14,2026-04-27
363,Startup,West,Web,Product_04,4,181,703,21,2026-04-28
364,SMB,Central,Partner,Product_05,5,198,962,28,2026-04-01
365,Enterprise,North,Retail,Product_06,6,215,1285,5,2026-04-02
366,MidMarket,South,Web,Product_07,7,232,1612,12,2026-04-03
367,Startup,East,Partner,Product_08,8,249,1973,19,2026-04-04
368,SMB,West,Retail,Product_09,9,26,208,26,2026-04-05
369,Enterprise,Central,Web,Product_10,10,43,427,3,2026-04-06
370,MidMarket,North,Partner,Product_11,11,60,650,10,2026-04-07
371,Startup,South,Retail,Product_12,12,77,907,17,2026-04-08
372,SMB,East,Web,Product_01,13,94,1198,24,2026-04-09
373,Enterprise,West,Partner,Product_02,14,111,1553,1,2026-04-10
374,MidMarket,Central,Retail,Product_03,15,128,1912,8,2026-04-11
375,Startup,North,Web,Product_04,16,145,2305,15,2026-04-12
376,SMB,South,Partner,Product_05,17,162,2732,22,2026-04-13
377,Enterprise,East,Retail,Product_06,18,179,3193,29,2026-04-14
378,MidMarket,West,Web,Product_07,19,196,3718,6,2026-04-15
379,Startup,Central,Partner,Product_08,20,213,4247,13,2026-04-16
380,SMB,North,Retail,Product_09,1,230,210,20,2026-04-17
381,Enterprise,South,Web,Product_10,2,247,467,27,2026-04-18
382,MidMarket,East,Partner,Product_11,3,24,68,4,2026-04-19
383,Startup,West,Retail,Product_12,4,41,153,11,2026-04-20
384,SMB,Central,Web,Product_01,5,58,272,18,2026-04-21
385,Enterprise,North,Partner,Product_02,6,75,425,25,2026-04-22
386,MidMarket,South,Retail,Product_03,7,92,642,2,2026-04-23
387,Startup,East,Web,Product_04,8,109,863,9,2026-04-24
388,SMB,West,Partner,Product_05,9,126,1118,16,2026-04-25
389,Enterprise,Central,Retail,Product_06,10,143,1407,23,2026-04-26
390,MidMarket,North,Web,Product_07,11,160,1760,0,2026-04-27
391,Startup,South,Partner,Product_08,12,177,2117,7,2026-04-28
392,SMB,East,Retail,Product_09,13,194,2508,14,2026-04-01
393,Enterprise,West,Web,Product_10,14,211,2933,21,2026-04-02
394,MidMarket,Central,Partner,Product_11,15,228,3392,28,2026-04-03
395,Startup,North,Retail,Product_12,16,245,3915,5,2026-04-04
396,SMB,South,Web,Product_01,17,22,362,12,2026-04-05
397,Enterprise,East,Partner,Product_02,18,39,683,19,2026-04-06
398,MidMarket,West,Retail,Product_03,19,56,1038,26,2026-04-07
399,Startup,Central,Web,Product_04,20,73,1457,3,2026-04-08
400,SMB,North,Partner,Product_05,1,90,80,10,2026-04-09
401,Enterprise,South,Retail,Product_06,2,107,197,17,2026-04-10
402,MidMarket,East,Web,Product_07,3,124,348,24,2026-04-11
403,Startup,West,Partner,Product_08,4,141,563,1,2026-04-12
404,SMB,Central,Retail,Product_09,5,158,782,8,2026-04-13
405,Enterprise,North,Web,Product_10,6,175,1035,15,2026-04-14
406,MidMarket,South,Partner,Product_11,7,192,1322,22,2026-04-15
407,Startup,East,Retail,Product_12,8,209,1643,29,2026-04-16
408,SMB,West,Web,Product_01,9,226,2028,6,2026-04-17
409,Enterprise,Central,Partner,Product_02,10,243,2417,13,2026-04-18
410,MidMarket,North,Retail,Product_03,11,20,200,20,2026-04-19
411,Startup,South,Web,Product_04,12,37,417,27,2026-04-20
412,SMB,East,Partner,Product_05,13,54,698,4,2026-04-21
413,Enterprise,West,Retail,Product_06,14,71,983,11,2026-04-22
414,MidMarket,Central,Web,Product_07,15,88,1302,18,2026-04-23
415,Startup,North,Partner,Product_08,16,105,1655,25,2026-04-24
416,SMB,South,Retail,Product_09,17,122,2072,2,2026-04-25
417,Enterprise,East,Web,Product_10,18,139,2493,9,2026-04-26
418,MidMarket,West,Partner,Product_11,19,156,2948,16,2026-04-27
419,Startup,Central,Retail,Product_12,20,173,3437,23,2026-04-28
420,SMB,North,Web,Product_01,1,190,190,0,2026-04-01
421,Enterprise,South,Partner,Product_02,2,207,407,7,2026-04-02
422,MidMarket,East,Retail,Product_03,3,224,658,14,2026-04-03
423,Startup,West,Web,Product_04,4,241,943,21,2026-04-04
424,SMB,Central,Partner,Product_05,5,18,62,28,2026-04-05
425,Enterprise,North,Retail,Product_06,6,35,205,5,2026-04-06
426,MidMarket,South,Web,Product_07,7,52,352,12,2026-04-07
427,Startup,East,Partner,Product_08,8,69,533,19,2026-04-08
428,SMB,West,Retail,Product_09,9,86,748,26,2026-04-09
429,Enterprise,Central,Web,Product_10,10,103,1027,3,2026-04-10
430,MidMarket,North,Partner,Product_11,11,120,1310,10,2026-04-11
431,Startup,South,Retail,Product_12,12,137,1627,17,2026-04-12
432,SMB,East,Web,Product_01,13,154,1978,24,2026-04-13
433,Enterprise,West,Partner,Product_02,14,171,2393,1,2026-04-14
434,MidMarket,Central,Retail,Product_03,15,188,2812,8,2026-04-15
435,Startup,North,Web,Product_04,16,205,3265,15,2026-04-16
436,SMB,South,Partner,Product_05,17,222,3752,22,2026-04-17
437,Enterprise,East,Retail,Product_06,18,239,4273,29,2026-04-18
438,MidMarket,West,Web,Product_07,19,16,298,6,2026-04-19
439,Startup,Central,Partner,Product_08,20,33,647,13,2026-04-20
440,SMB,North,Retail,Product_09,1,50,30,20,2026-04-21
441,Enterprise,South,Web,Product_10,2,67,107,27,2026-04-22
442,MidMarket,East,Partner,Product_11,3,84,248,4,2026-04-23
443,Startup,West,Retail,Product_12,4,101,393,11,2026-04-24
444,SMB,Central,Web,Product_01,5,118,572,18,2026-04-25
445,Enterprise,North,Partner,Product_02,6,135,785,25,2026-04-26
446,MidMarket,South,Retail,Product_03,7,152,1062,2,2026-04-27
447,Startup,East,Web,Product_04,8,169,1343,9,2026-04-28
448,SMB,West,Partner,Product_05,9,186,1658,16,2026-04-01
449,Enterprise,Central,Retail,Product_06,10,203,2007,23,2026-04-02
450,MidMarket,North,Web,Product_07,11,220,2420,0,2026-04-03
451,Startup,South,Partner,Product_08,12,237,2837,7,2026-04-04
452,SMB,East,Retail,Product_09,13,14,168,14,2026-04-05
453,Enterprise,West,Web,Product_10,14,31,413,21,2026-04-06
454,MidMarket,Central,Partner,Product_11,15,48,692,28,2026-04-07
455,Startup,North,Retail,Product_12,16,65,1035,5,2026-04-08
456,SMB,South,Web,Product_01,17,82,1382,12,2026-04-09
457,Enterprise,East,Partner,Product_02,18,99,1763,19,2026-04-10
458,MidMarket,West,Retail,Product_03,19,116,2178,26,2026-04-11
459,Startup,Central,Web,Product_04,20,133,2657,3,2026-04-12
460,SMB,North,Partner,Product_05,1,150,140,10,2026-04-13
461,Enterprise,South,Retail,Product_06,2,167,317,17,2026-04-14
462,MidMarket,East,Web,Product_07,3,184,528,24,2026-04-15
463,Startup,West,Partner,Product_08,4,201,803,1,2026-04-16
464,SMB,Central,Retail,Product_09,5,218,1082,8,2026-04-17
465,Enterprise,North,Web,Product_10,6,235,1395,15,2026-04-18
466,MidMarket,South,Partner,Product_11,7,12,62,22,2026-04-19
467,Startup,East,Retail,Product_12,8,29,203,29,2026-04-20
468,SMB,West,Web,Product_01,9,46,408,6,2026-04-21
469,Enterprise,Central,Partner,Product_02,10,63,617,13,2026-04-22
470,MidMarket,North,Retail,Product_03,11,80,860,20,2026-04-23
471,Startup,South,Web,Product_04,12,97,1137,27,2026-04-24
472,SMB,East,Partner,Product_05,13,114,1478,4,2026-04-25
473,Enterprise,West,Retail,Product_06,14,131,1823,11,2026-04-26
474,MidMarket,Central,Web,Product_07,15,148,2202,18,2026-04-27
475,Startup,North,Partner,Product_08,16,165,2615,25,2026-04-28
476,SMB,South,Retail,Product_09,17,182,3092,2,2026-04-01
477,Enterprise,East,Web,Product_10,18,199,3573,9,2026-04-02
478,MidMarket,West,Partner,Product_11,19,216,4088,16,2026-04-03
479,Startup,Central,Retail,Product_12,20,233,4637,23,2026-04-04
480,SMB,North,Web,Product_01,1,10,10,0,2026-04-05
481,Enterprise,South,Partner,Product_02,2,27,47,7,2026-04-06
482,MidMarket,East,Retail,Product_03,3,44,118,14,2026-04-07
483,Startup,West,Web,Product_04,4,61,223,21,2026-04-08
484,SMB,Central,Partner,Product_05,5,78,362,28,2026-04-09
485,Enterprise,North,Retail,Product_06,6,95,565,5,2026-04-10
486,MidMarket,South,Web,Product_07,7,112,772,12,2026-04-11
487,Startup,East,Partner,Product_08,8,129,1013,19,2026-04-12
488,SMB,West,Retail,Product_09,9,146,1288,26,2026-04-13
489,Enterprise,Central,Web,Product_10,10,163,1627,3,2026-04-14
490,MidMarket,North,Partner,Product_11,11,180,1970,10,2026-04-15
491,Startup,South,Retail,Product_12,12,197,2347,17,2026-04-16
492,SMB,East,Web,Product_01,13,214,2758,24,2026-04-17
493,Enterprise,West,Partner,Product_02,14,231,3233,1,2026-04-18
494,MidMarket,Central,Retail,Product_03,15,248,3712,8,2026-04-19
495,Startup,North,Web,Product_04,16,25,385,15,2026-04-20
496,SMB,South,Partner,Product_05,17,42,692,22,2026-04-21
497,Enterprise,East,Retail,Product_06,18,59,1033,29,2026-04-22
498,MidMarket,West,Web,Product_07,19,76,1438,6,2026-04-23
499,Startup,Central,Partner,Product_08,20,93,1847,13,2026-04-24
500,SMB,North,Retail,Product_09,1,110,90,20,2026-04-25
501,Enterprise,South,Web,Product_10,2,127,227,27,2026-04-26
502,MidMarket,East,Partner,Product_11,3,144,428,4,2026-04-27
503,Startup,West,Retail,Product_12,4,161,633,11,2026-04-28
504,SMB,Central,Web,Product_01,5,178,872,18,2026-04-01
505,Enterprise,North,Partner,Product_02,6,195,1145,25,2026-04-02
506,MidMarket,South,Retail,Product_03,7,212,1482,2,2026-04-03
507,Startup,East,Web,Product_04,8,229,1823,9,2026-04-04
508,SMB,West,Partner,Product_05,9,246,2198,16,2026-04-05
509,Enterprise,Central,Retail,Product_06,10,23,207,23,2026-04-06
510,MidMarket,North,Web,Product_07,11,40,440,0,2026-04-07
511,Startup,South,Partner,Product_08,12,57,677,7,2026-04-08
512,SMB,East,Retail,Product_09,13,74,948,14,2026-04-09
513,Enterprise,West,Web,Product_10,14,91,1253,21,2026-04-10
514,MidMarket,Central,Partner,Product_11,15,108,1592,28,2026-04-11
515,Startup,North,Retail,Product_12,16,125,1995,5,2026-04-12
516,SMB,South,Web,Product_01,17,142,2402,12,2026-04-13
517,Enterprise,East,Partner,Product_02,18,159,2843,19,2026-04-14
518,MidMarket,West,Retail,Product_03,19,176,3318,26,2026-04-15
519,Startup,Central,Web,Product_04,20,193,3857,3,2026-04-16
520,SMB,North,Partner,Product_05,1,210,200,10,2026-04-17
521,Enterprise,South,Retail,Product_06,2,227,437,17,2026-04-18
522,MidMarket,East,Web,Product_07,3,244,708,24,2026-04-19
523,Startup,West,Partner,Product_08,4,21,83,1,2026-04-20
524,SMB,Central,Retail,Product_09,5,38,182,8,2026-04-21
525,Enterprise,North,Web,Product_10,6,55,315,15,2026-04-22
526,MidMarket,South,Partner,Product_11,7,72,482,22,2026-04-23
527,Startup,East,Retail,Product_12,8,89,683,29,2026-04-24
528,SMB,West,Web,Product_01,9,106,948,6,2026-04-25
529,Enterprise,Central,Partner,Product_02,10,123,1217,13,2026-04-26
530,MidMarket,North,Retail,Product_03,11,140,1520,20,2026-04-27
531,Startup,South,Web,Product_04,12,157,1857,27,2026-04-28
532,SMB,East,Partner,Product_05,13,174,2258,4,2026-04-01
533,Enterprise,West,Retail,Product_06,14,191,2663,11,2026-04-02
534,MidMarket,Central,Web,Product_07,15,208,3102,18,2026-04-03
535,Startup,North,Partner,Product_08,16,225,3575,25,2026-04-04
536,SMB,South,Retail,Product_09,17,242,4112,2,2026-04-05
537,Enterprise,East,Web,Product_10,18,19,333,9,2026-04-06
538,MidMarket,West,Partner,Product_11,19,36,668,16,2026-04-07
539,Startup,Central,Retail,Product_12,20,53,1037,23,2026-04-08
540,SMB,North,Web,Product_01,1,70,70,0,2026-04-09
541,Enterprise,South,Partner,Product_02,2,87,167,7,2026-04-10
542,MidMarket,East,Retail,Product_03,3,104,298,14,2026-04-11
543,Startup,West,Web,Product_04,4,121,463,21,2026-04-12
544,SMB,Central,Partner,Product_05,5,138,662,28,2026-04-13
545,Enterprise,North,Retail,Product_06,6,155,925,5,2026-04-14
546,MidMarket,South,Web,Product_07,7,172,1192,12,2026-04-15
547,Startup,East,Partner,Product_08,8,189,1493,19,2026-04-16
548,SMB,West,Retail,Product_09,9,206,1828,26,2026-04-17
549,Enterprise,Central,Web,Product_10,10,223,2227,3,2026-04-18
550,MidMarket,North,Partner,Product_11,11,240,2630,10,2026-04-19
551,Startup,South,Retail,Product_12,12,17,187,17,2026-04-20
552,SMB,East,Web,Product_01,13,34,418,24,2026-04-21
553,Enterprise,West,Partner,Product_02,14,51,713,1,2026-04-22
554,MidMarket,Central,Retail,Product_03,15,68,1012,8,2026-04-23
555,Startup,North,Web,Product_04,16,85,1345,15,2026-04-24
556,SMB,South,Partner,Product_05,17,102,1712,22,2026-04-25
557,Enterprise,East,Retail,Product_06,18,119,2113,29,2026-04-26
558,MidMarket,West,Web,Product_07,19,136,2578,6,2026-04-27
559,Startup,Central,Partner,Product_08,20,153,3047,13,2026-04-28
560,SMB,North,Retail,Product_09,1,170,150,20,2026-04-01
561,Enterprise,South,Web,Product_10,2,187,347,27,2026-04-02
562,MidMarket,East,Partner,Product_11,3,204,608,4,2026-04-03
563,Startup,West,Retail,Product_12,4,221,873,11,2026-04-04
564,SMB,Central,Web,Product_01,5,238,1172,18,2026-04-05
565,Enterprise,North,Partner,Product_02,6,15,65,25,2026-04-06
566,MidMarket,South,Retail,Product_03,7,32,222,2,2026-04-07
567,Startup,East,Web,Product_04,8,49,383,9,2026-04-08
568,SMB,West,Partner,Product_05,9,66,578,16,2026-04-09
569,Enterprise,Central,Retail,Product_06,10,83,807,23,2026-04-10
570,MidMarket,North,Web,Product_07,11,100,1100,0,2026-04-11
571,Startup,South,Partner,Product_08,12,117,1397,7,2026-04-12
572,SMB,East,Retail,Product_09,13,134,1728,14,2026-04-13
573,Enterprise,West,Web,Product_10,14,151,2093,21,2026-04-14
574,MidMarket,Central,Partner,Product_11,15,168,2492,28,2026-04-15
575,Startup,North,Retail,Product_12,16,185,2955,5,2026-04-16
576,SMB,South,Web,Product_01,17,202,3422,12,2026-04-17
577,Enterprise,East,Partner,Product_02,18,219,3923,19,2026-04-18
578,MidMarket,West,Retail,Product_03,19,236,4458,26,2026-04-19
579,Startup,Central,Web,Product_04,20,13,257,3,2026-04-20
580,SMB,North,Partner,Product_05,1,30,20,10,2026-04-21
581,Enterprise,South,Retail,Product_06,2,47,77,17,2026-04-22
582,MidMarket,East,Web,Product_07,3,64,168,24,2026-04-23
583,Startup,West,Partner,Product_08,4,81,323,1,2026-04-24
584,SMB,Central,Retail,Product_09,5,98,482,8,2026-04-25
585,Enterprise,North,Web,Product_10,6,115,675,15,2026-04-26
586,MidMarket,South,Partner,Product_11,7,132,902,22,2026-04-27
587,Startup,East,Retail,Product_12,8,149,1163,29,2026-04-28
588,SMB,West,Web,Product_01,9,166,1488,6,2026-04-01
589,Enterprise,Central,Partner,Product_02,10,183,1817,13,2026-04-02
590,MidMarket,North,Retail,Product_03,11,200,2180,20,2026-04-03
591,Startup,South,Web,Product_04,12,217,2577,27,2026-04-04
592,SMB,East,Partner,Product_05,13,234,3038,4,2026-04-05
593,Enterprise,West,Retail,Product_06,14,11,143,11,2026-04-06
594,MidMarket,Central,Web,Product_07,15,28,402,18,2026-04-07
595,Startup,North,Partner,Product_08,16,45,695,25,2026-04-08
596,SMB,South,Retail,Product_09,17,62,1052,2,2026-04-09
597,Enterprise,East,Web,Product_10,18,79,1413,9,2026-04-10
598,MidMarket,West,Partner,Product_11,19,96,1808,16,2026-04-11
599,Startup,Central,Retail,Product_12,20,113,2237,23,2026-04-12
600,SMB,North,Web,Product_01,1,130,130,0,2026-04-13
601,Enterprise,South,Partner,Product_02,2,147,287,7,2026-04-14
602,MidMarket,East,Retail,Product_03,3,164,478,14,2026-04-15
603,Startup,West,Web,Product_04,4,181,703,21,2026-04-16
604,SMB,Central,Partner,Product_05,5,198,962,28,2026-04-17
605,Enterprise,North,Retail,Product_06,6,215,1285,5,2026-04-18
606,MidMarket,South,Web,Product_07,7,232,1612,12,2026-04-19
607,Startup,East,Partner,Product_08,8,249,1973,19,2026-04-20
608,SMB,West,Retail,Product_09,9,26,208,26,2026-04-21
609,Enterprise,Central,Web,Product_10,10,43,427,3,2026-04-22
610,MidMarket,North,Partner,Product_11,11,60,650,10,2026-04-23
611,Startup,South,Retail,Product_12,12,77,907,17,2026-04-24
612,SMB,East,Web,Product_01,13,94,1198,24,2026-04-25
613,Enterprise,West,Partner,Product_02,14,111,1553,1,2026-04-26
614,MidMarket,Central,Retail,Product_03,15,128,1912,8,2026-04-27
615,Startup,North,Web,Product_04,16,145,2305,15,2026-04-28
616,SMB,South,Partner,Product_05,17,162,2732,22,2026-04-01
617,Enterprise,East,Retail,Product_06,18,179,3193,29,2026-04-02
618,MidMarket,West,Web,Product_07,19,196,3718,6,2026-04-03
619,Startup,Central,Partner,Product_08,20,213,4247,13,2026-04-04
620,SMB,North,Retail,Product_09,1,230,210,20,2026-04-05
621,Enterprise,South,Web,Product_10,2,247,467,27,2026-04-06
622,MidMarket,East,Partner,Product_11,3,24,68,4,2026-04-07
623,Startup,West,Retail,Product_12,4,41,153,11,2026-04-08
624,SMB,Central,Web,Product_01,5,58,272,18,2026-04-09
625,Enterprise,North,Partner,Product_02,6,75,425,25,2026-04-10
626,MidMarket,South,Retail,Product_03,7,92,642,2,2026-04-11
627,Startup,East,Web,Product_04,8,109,863,9,2026-04-12
628,SMB,West,Partner,Product_05,9,126,1118,16,2026-04-13
629,Enterprise,Central,Retail,Product_06,10,143,1407,23,2026-04-14
630,MidMarket,North,Web,Product_07,11,160,1760,0,2026-04-15
631,Startup,South,Partner,Product_08,12,177,2117,7,2026-04-16
632,SMB,East,Retail,Product_09,13,194,2508,14,2026-04-17
633,Enterprise,West,Web,Product_10,14,211,2933,21,2026-04-18
634,MidMarket,Central,Partner,Product_11,15,228,3392,28,2026-04-19
635,Startup,North,Retail,Product_12,16,245,3915,5,2026-04-20
636,SMB,South,Web,Product_01,17,22,362,12,2026-04-21
637,Enterprise,East,Partner,Product_02,18,39,683,19,2026-04-22
638,MidMarket,West,Retail,Product_03,19,56,1038,26,2026-04-23
639,Startup,Central,Web,Product_04,20,73,1457,3,2026-04-24
640,SMB,North,Partner,Product_05,1,90,80,10,2026-04-25
641,Enterprise,South,Retail,Product_06,2,107,197,17,2026-04-26
642,MidMarket,East,Web,Product_07,3,124,348,24,2026-04-27
643,Startup,West,Partner,Product_08,4,141,563,1,2026-04-28
644,SMB,Central,Retail,Product_09,5,158,782,8,2026-04-01
645,Enterprise,North,Web,Product_10,6,175,1035,15,2026-04-02
646,MidMarket,South,Partner,Product_11,7,192,1322,22,2026-04-03
647,Startup,East,Retail,Product_12,8,209,1643,29,2026-04-04
648,SMB,West,Web,Product_01,9,226,2028,6,2026-04-05
649,Enterprise,Central,Partner,Product_02,10,243,2417,13,2026-04-06
650,MidMarket,North,Retail,Product_03,11,20,200,20,2026-04-07
651,Startup,South,Web,Product_04,12,37,417,27,2026-04-08
652,SMB,East,Partner,Product_05,13,54,698,4,2026-04-09
653,Enterprise,West,Retail,Product_06,14,71,983,11,2026-04-10
654,MidMarket,Central,Web,Product_07,15,88,1302,18,2026-04-11
655,Startup,North,Partner,Product_08,16,105,1655,25,2026-04-12
656,SMB,South,Retail,Product_09,17,122,2072,2,2026-04-13
657,Enterprise,East,Web,Product_10,18,139,2493,9,2026-04-14
658,MidMarket,West,Partner,Product_11,19,156,2948,16,2026-04-15
659,Startup,Central,Retail,Product_12,20,173,3437,23,2026-04-16
660,SMB,North,Web,Product_01,1,190,190,0,2026-04-17
661,Enterprise,South,Partner,Product_02,2,207,407,7,2026-04-18
662,MidMarket,East,Retail,Product_03,3,224,658,14,2026-04-19
663,Startup,West,Web,Product_04,4,241,943,21,2026-04-20
664,SMB,Central,Partner,Product_05,5,18,62,28,2026-04-21
665,Enterprise,North,Retail,Product_06,6,35,205,5,2026-04-22
666,MidMarket,South,Web,Product_07,7,52,352,12,2026-04-23
667,Startup,East,Partner,Product_08,8,69,533,19,2026-04-24
668,SMB,West,Retail,Product_09,9,86,748,26,2026-04-25
669,Enterprise,Central,Web,Product_10,10,103,1027,3,2026-04-26
670,MidMarket,North,Partner,Product_11,11,120,1310,10,2026-04-27
671,Startup,South,Retail,Product_12,12,137,1627,17,2026-04-28
672,SMB,East,Web,Product_01,13,154,1978,24,2026-04-01
673,Enterprise,West,Partner,Product_02,14,171,2393,1,2026-04-02
674,MidMarket,Central,Retail,Product_03,15,188,2812,8,2026-04-03
675,Startup,North,Web,Product_04,16,205,3265,15,2026-04-04
676,SMB,South,Partner,Product_05,17,222,3752,22,2026-04-05
677,Enterprise,East,Retail,Product_06,18,239,4273,29,2026-04-06
678,MidMarket,West,Web,Product_07,19,16,298,6,2026-04-07
679,Startup,Central,Partner,Product_08,20,33,647,13,2026-04-08
680,SMB,North,Retail,Product_09,1,50,30,20,2026-04-09
681,Enterprise,South,Web,Product_10,2,67,107,27,2026-04-10
682,MidMarket,East,Partner,Product_11,3,84,248,4,2026-04-11
683,Startup,West,Retail,Product_12,4,101,393,11,2026-04-12
684,SMB,Central,Web,Product_01,5,118,572,18,2026-04-13
685,Enterprise,North,Partner,Product_02,6,135,785,25,2026-04-14
686,MidMarket,South,Retail,Product_03,7,152,1062,2,2026-04-15
687,Startup,East,Web,Product_04,8,169,1343,9,2026-04-16
688,SMB,West,Partner,Product_05,9,186,1658,16,2026-04-17
689,Enterprise,Central,Retail,Product_06,10,203,2007,23,2026-04-18
690,MidMarket,North,Web,Product_07,11,220,2420,0,2026-04-19
691,Startup,South,Partner,Product_08,12,237,2837,7,2026-04-20
692,SMB,East,Retail,Product_09,13,14,168,14,2026-04-21
693,Enterprise,West,Web,Product_10,14,31,413,21,2026-04-22
694,MidMarket,Central,Partner,Product_11,15,48,692,28,2026-04-23
695,Startup,North,Retail,Product_12,16,65,1035,5,2026-04-24
696,SMB,South,Web,Product_01,17,82,1382,12,2026-04-25
697,Enterprise,East,Partner,Product_02,18,99,1763,19,2026-04-26
698,MidMarket,West,Retail,Product_03,19,116,2178,26,2026-04-27
699,Startup,Central,Web,Product_04,20,133,2657,3,2026-04-28
700,SMB,North,Partner,Product_05,1,150,140,10,2026-04-01
701,Enterprise,South,Retail,Product_06,2,167,317,17,2026-04-02
702,MidMarket,East,Web,Product_07,3,184,528,24,2026-04-03
703,Startup,West,Partner,Product_08,4,201,803,1,2026-04-04
704,SMB,Central,Retail,Product_09,5,218,1082,8,2026-04-05
705,Enterprise,North,Web,Product_10,6,235,1395,15,2026-04-06
706,MidMarket,South,Partner,Product_11,7,12,62,22,2026-04-07
707,Startup,East,Retail,Product_12,8,29,203,29,2026-04-08
708,SMB,West,Web,Product_01,9,46,408,6,2026-04-09
709,Enterprise,Central,Partner,Product_02,10,63,617,13,2026-04-10
710,MidMarket,North,Retail,Product_03,11,80,860,20,2026-04-11
711,Startup,South,Web,Product_04,12,97,1137,27,2026-04-12
712,SMB,East,Partner,Product_05,13,114,1478,4,2026-04-13
713,Enterprise,West,Retail,Product_06,14,131,1823,11,2026-04-14
714,MidMarket,Central,Web,Product_07,15,148,2202,18,2026-04-15
715,Startup,North,Partner,Product_08,16,165,2615,25,2026-04-16
716,SMB,South,Retail,Product_09,17,182,3092,2,2026-04-17
717,Enterprise,East,Web,Product_10,18,199,3573,9,2026-04-18
718,MidMarket,West,Partner,Product_11,19,216,4088,16,2026-04-19
719,Startup,Central,Retail,Product_12,20,233,4637,23,2026-04-20
720,SMB,North,Web,Product_01,1,10,10,0,2026-04-21
721,Enterprise,South,Partner,Product_02,2,27,47,7,2026-04-22
722,MidMarket,East,Retail,Product_03,3,44,118,14,2026-04-23
723,Startup,West,Web,Product_04,4,61,223,21,2026-04-24
724,SMB,Central,Partner,Product_05,5,78,362,28,2026-04-25
725,Enterprise,North,Retail,Product_06,6,95,565,5,2026-04-26
726,MidMarket,South,Web,Product_07,7,112,772,12,2026-04-27
727,Startup,East,Partner,Product_08,8,129,1013,19,2026-04-28
728,SMB,West,Retail,Product_09,9,146,1288,26,2026-04-01
729,Enterprise,Central,Web,Product_10,10,163,1627,3,2026-04-02
730,MidMarket,North,Partner,Product_11,11,180,1970,10,2026-04-03
731,Startup,South,Retail,Product_12,12,197,2347,17,2026-04-04
732,SMB,East,Web,Product_01,13,214,2758,24,2026-04-05
733,Enterprise,West,Partner,Product_02,14,231,3233,1,2026-04-06
734,MidMarket,Central,Retail,Product_03,15,248,3712,8,2026-04-07
735,Startup,North,Web,Product_04,16,25,385,15,2026-04-08
736,SMB,South,Partner,Product_05,17,42,692,22,2026-04-09
737,Enterprise,East,Retail,Product_06,18,59,1033,29,2026-04-10
738,MidMarket,West,Web,Product_07,19,76,1438,6,2026-04-11
739,Startup,Central,Partner,Product_08,20,93,1847,13,2026-04-12
740,SMB,North,Retail,Product_09,1,110,90,20,2026-04-13
741,Enterprise,South,Web,Product_10,2,127,227,27,2026-04-14
742,MidMarket,East,Partner,Product_11,3,144,428,4,2026-04-15
743,Startup,West,Retail,Product_12,4,161,633,11,2026-04-16
744,SMB,Central,Web,Product_01,5,178,872,18,2026-04-17
745,Enterprise,North,Partner,Product_02,6,195,1145,25,2026-04-18
746,MidMarket,South,Retail,Product_03,7,212,1482,2,2026-04-19
747,Startup,East,Web,Product_04,8,229,1823,9,2026-04-20
748,SMB,West,Partner,Product_05,9,246,2198,16,2026-04-21
749,Enterprise,Central,Retail,Product_06,10,23,207,23,2026-04-22
750,MidMarket,North,Web,Product_07,11,40,440,0,2026-04-23
751,Startup,South,Partner,Product_08,12,57,677,7,2026-04-24
752,SMB,East,Retail,Product_09,13,74,948,14,2026-04-25
753,Enterprise,West,Web,Product_10,14,91,1253,21,2026-04-26
754,MidMarket,Central,Partner,Product_11,15,108,1592,28,2026-04-27
755,Startup,North,Retail,Product_12,16,125,1995,5,2026-04-28
756,SMB,South,Web,Product_01,17,142,2402,12,2026-04-01
757,Enterprise,East,Partner,Product_02,18,159,2843,19,2026-04-02
758,MidMarket,West,Retail,Product_03,19,176,3318,26,2026-04-03
759,Startup,Central,Web,Product_04,20,193,3857,3,2026-04-04
760,SMB,North,Partner,Product_05,1,210,200,10,2026-04-05
761,Enterprise,South,Retail,Product_06,2,227,437,17,2026-04-06
762,MidMarket,East,Web,Product_07,3,244,708,24,2026-04-07
763,Startup,West,Partner,Product_08,4,21,83,1,2026-04-08
764,SMB,Central,Retail,Product_09,5,38,182,8,2026-04-09
765,Enterprise,North,Web,Product_10,6,55,315,15,2026-04-10
766,MidMarket,South,Partner,Product_11,7,72,482,22,2026-04-11
767,Startup,East,Retail,Product_12,8,89,683,29,2026-04-12
768,SMB,West,Web,Product_01,9,106,948,6,2026-04-13
769,Enterprise,Central,Partner,Product_02,10,123,1217,13,2026-04-14
770,MidMarket,North,Retail,Product_03,11,140,1520,20,2026-04-15
771,Startup,South,Web,Product_04,12,157,1857,27,2026-04-16
772,SMB,East,Partner,Product_05,13,174,2258,4,2026-04-17
773,Enterprise,West,Retail,Product_06,14,191,2663,11,2026-04-18
774,MidMarket,Central,Web,Product_07,15,208,3102,18,2026-04-19
775,Startup,North,Partner,Product_08,16,225,3575,25,2026-04-20
776,SMB,South,Retail,Product_09,17,242,4112,2,2026-04-21
777,Enterprise,East,Web,Product_10,18,19,333,9,2026-04-22
778,MidMarket,West,Partner,Product_11,19,36,668,16,2026-04-23
779,Startup,Central,Retail,Product_12,20,53,1037,23,2026-04-24
780,SMB,North,Web,Product_01,1,70,70,0,2026-04-25
781,Enterprise,South,Partner,Product_02,2,87,167,7,2026-04-26
782,MidMarket,East,Retail,Product_03,3,104,298,14,2026-04-27
783,Startup,West,Web,Product_04,4,121,463,21,2026-04-28
784,SMB,Central,Partner,Product_05,5,138,662,28,2026-04-01
785,Enterprise,North,Retail,Product_06,6,155,925,5,2026-04-02
786,MidMarket,South,Web,Product_07,7,172,1192,12,2026-04-03
787,Startup,East,Partner,Product_08,8,189,1493,19,2026-04-04
788,SMB,West,Retail,Product_09,9,206,1828,26,2026-04-05
789,Enterprise,Central,Web,Product_10,10,223,2227,3,2026-04-06
790,MidMarket,North,Partner,Product_11,11,240,2630,10,2026-04-07
791,Startup,South,Retail,Product_12,12,17,187,17,2026-04-08
792,SMB,East,Web,Product_01,13,34,418,24,2026-04-09
793,Enterprise,West,Partner,Product_02,14,51,713,1,2026-04-10
794,MidMarket,Central,Retail,Product_03,15,68,1012,8,2026-04-11
795,Startup,North,Web,Product_04,16,85,1345,15,2026-04-12
796,SMB,South,Partner,Product_05,17,102,1712,22,2026-04-13
797,Enterprise,East,Retail,Product_06,18,119,2113,29,2026-04-14
798,MidMarket,West,Web,Product_07,19,136,2578,6,2026-04-15
799,Startup,Central,Partner,Product_08,20,153,3047,13,2026-04-16
800,SMB,North,Retail,Product_09,1,170,150,20,2026-04-17
801,Enterprise,South,Web,Product_10,2,187,347,27,2026-04-18
802,MidMarket,East,Partner,Product_11,3,204,608,4,2026-04-19
803,Startup,West,Retail,Product_12,4,221,873,11,2026-04-20
804,SMB,Central,Web,Product_01,5,238,1172,18,2026-04-21
805,Enterprise,North,Partner,Product_02,6,15,65,25,2026-04-22
806,MidMarket,South,Retail,Product_03,7,32,222,2,2026-04-23
807,Startup,East,Web,Product_04,8,49,383,9,2026-04-24
808,SMB,West,Partner,Product_05,9,66,578,16,2026-04-25
809,Enterprise,Central,Retail,Product_06,10,83,807,23,2026-04-26
810,MidMarket,North,Web,Product_07,11,100,1100,0,2026-04-27
811,Startup,South,Partner,Product_08,12,117,1397,7,2026-04-28
812,SMB,East,Retail,Product_09,13,134,1728,14,2026-04-01
813,Enterprise,West,Web,Product_10,14,151,2093,21,2026-04-02
814,MidMarket,Central,Partner,Product_11,15,168,2492,28,2026-04-03
815,Startup,North,Retail,Product_12,16,185,2955,5,2026-04-04
816,SMB,South,Web,Product_01,17,202,3422,12,2026-04-05
817,Enterprise,East,Partner,Product_02,18,219,3923,19,2026-04-06
818,MidMarket,West,Retail,Product_03,19,236,4458,26,2026-04-07
819,Startup,Central,Web,Product_04,20,13,257,3,2026-04-08
820,SMB,North,Partner,Product_05,1,30,20,10,2026-04-09
821,Enterprise,South,Retail,Product_06,2,47,77,17,2026-04-10
822,MidMarket,East,Web,Product_07,3,64,168,24,2026-04-11
823,Startup,West,Partner,Product_08,4,81,323,1,2026-04-12
824,SMB,Central,Retail,Product_09,5,98,482,8,2026-04-13
825,Enterprise,North,Web,Product_10,6,115,675,15,2026-04-14
826,MidMarket,South,Partner,Product_11,7,132,902,22,2026-04-15
827,Startup,East,Retail,Product_12,8,149,1163,29,2026-04-16
828,SMB,West,Web,Product_01,9,166,1488,6,2026-04-17
829,Enterprise,Central,Partner,Product_02,10,183,1817,13,2026-04-18
830,MidMarket,North,Retail,Product_03,11,200,2180,20,2026-04-19
831,Startup,South,Web,Product_04,12,217,2577,27,2026-04-20
832,SMB,East,Partner,Product_05,13,234,3038,4,2026-04-21
833,Enterprise,West,Retail,Product_06,14,11,143,11,2026-04-22
834,MidMarket,Central,Web,Product_07,15,28,402,18,2026-04-23
835,Startup,North,Partner,Product_08,16,45,695,25,2026-04-24
836,SMB,South,Retail,Product_09,17,62,1052,2,2026-04-25
837,Enterprise,East,Web,Product_10,18,79,1413,9,2026-04-26
838,MidMarket,West,Partner,Product_11,19,96,1808,16,2026-04-27
839,Startup,Central,Retail,Product_12,20,113,2237,23,2026-04-28
840,SMB,North,Web,Product_01,1,130,130,0,2026-04-01
841,Enterprise,South,Partner,Product_02,2,147,287,7,2026-04-02
842,MidMarket,East,Retail,Product_03,3,164,478,14,2026-04-03
843,Startup,West,Web,Product_04,4,181,703,21,2026-04-04
844,SMB,Central,Partner,Product_05,5,198,962,28,2026-04-05
845,Enterprise,North,Retail,Product_06,6,215,1285,5,2026-04-06
846,MidMarket,South,Web,Product_07,7,232,1612,12,2026-04-07
847,Startup,East,Partner,Product_08,8,249,1973,19,2026-04-08
848,SMB,West,Retail,Product_09,9,26,208,26,2026-04-09
849,Enterprise,Central,Web,Product_10,10,43,427,3,2026-04-10
850,MidMarket,North,Partner,Product_11,11,60,650,10,2026-04-11
851,Startup,South,Retail,Product_12,12,77,907,17,2026-04-12
852,SMB,East,Web,Product_01,13,94,1198,24,2026-04-13
853,Enterprise,West,Partner,Product_02,14,111,1553,1,2026-04-14
854,MidMarket,Central,Retail,Product_03,15,128,1912,8,2026-04-15
855,Startup,North,Web,Product_04,16,145,2305,15,2026-04-16
856,SMB,South,Partner,Product_05,17,162,2732,22,2026-04-17
857,Enterprise,East,Retail,Product_06,18,179,3193,29,2026-04-18
858,MidMarket,West,Web,Product_07,19,196,3718,6,2026-04-19
859,Startup,Central,Partner,Product_08,20,213,4247,13,2026-04-20
860,SMB,North,Retail,Product_09,1,230,210,20,2026-04-21
861,Enterprise,South,Web,Product_10,2,247,467,27,2026-04-22
862,MidMarket,East,Partner,Product_11,3,24,68,4,2026-04-23
863,Startup,West,Retail,Product_12,4,41,153,11,2026-04-24
864,SMB,Central,Web,Product_01,5,58,272,18,2026-04-25
865,Enterprise,North,Partner,Product_02,6,75,425,25,2026-04-26
866,MidMarket,South,Retail,Product_03,7,92,642,2,2026-04-27
867,Startup,East,Web,Product_04,8,109,863,9,2026-04-28
868,SMB,West,Partner,Product_05,9,126,1118,16,2026-04-01
869,Enterprise,Central,Retail,Product_06,10,143,1407,23,2026-04-02
870,MidMarket,North,Web,Product_07,11,160,1760,0,2026-04-03
871,Startup,South,Partner,Product_08,12,177,2117,7,2026-04-04
872,SMB,East,Retail,Product_09,13,194,2508,14,2026-04-05
873,Enterprise,West,Web,Product_10,14,211,2933,21,2026-04-06
874,MidMarket,Central,Partner,Product_11,15,228,3392,28,2026-04-07
875,Startup,North,Retail,Product_12,16,245,3915,5,2026-04-08
876,SMB,South,Web,Product_01,17,22,362,12,2026-04-09
877,Enterprise,East,Partner,Product_02,18,39,683,19,2026-04-10
878,MidMarket,West,Retail,Product_03,19,56,1038,26,2026-04-11
879,Startup,Central,Web,Product_04,20,73,1457,3,2026-04-12
880,SMB,North,Partner,Product_05,1,90,80,10,2026-04-13
881,Enterprise,South,Retail,Product_06,2,107,197,17,2026-04-14
882,MidMarket,East,Web,Product_07,3,124,348,24,2026-04-15
883,Startup,West,Partner,Product_08,4,141,563,1,2026-04-16
884,SMB,Central,Retail,Product_09,5,158,782,8,2026-04-17
885,Enterprise,North,Web,Product_10,6,175,1035,15,2026-04-18
886,MidMarket,South,Partner,Product_11,7,192,1322,22,2026-04-19
887,Startup,East,Retail,Product_12,8,209,1643,29,2026-04-20
888,SMB,West,Web,Product_01,9,226,2028,6,2026-04-21
889,Enterprise,Central,Partner,Product_02,10,243,2417,13,2026-04-22
890,MidMarket,North,Retail,Product_03,11,20,200,20,2026-04-23
891,Startup,South,Web,Product_04,12,37,417,27,2026-04-24
892,SMB,East,Partner,Product_05,13,54,698,4,2026-04-25
893,Enterprise,West,Retail,Product_06,14,71,983,11,2026-04-26
894,MidMarket,Central,Web,Product_07,15,88,1302,18,2026-04-27
895,Startup,North,Partner,Product_08,16,105,1655,25,2026-04-28
896,SMB,South,Retail,Product_09,17,122,2072,2,2026-04-01
897,Enterprise,East,Web,Product_10,18,139,2493,9,2026-04-02
898,MidMarket,West,Partner,Product_11,19,156,2948,16,2026-04-03
899,Startup,Central,Retail,Product_12,20,173,3437,23,2026-04-04
900,SMB,North,Web,Product_01,1,190,190,0,2026-04-05
901,Enterprise,South,Partner,Product_02,2,207,407,7,2026-04-06
902,MidMarket,East,Retail,Product_03,3,224,658,14,2026-04-07
903,Startup,West,Web,Product_04,4,241,943,21,2026-04-08
904,SMB,Central,Partner,Product_05,5,18,62,28,2026-04-09
905,Enterprise,North,Retail,Product_06,6,35,205,5,2026-04-10
906,MidMarket,South,Web,Product_07,7,52,352,12,2026-04-11
907,Startup,East,Partner,Product_08,8,69,533,19,2026-04-12
908,SMB,West,Retail,Product_09,9,86,748,26,2026-04-13
909,Enterprise,Central,Web,Product_10,10,103,1027,3,2026-04-14
910,MidMarket,North,Partner,Product_11,11,120,1310,10,2026-04-15
911,Startup,South,Retail,Product_12,12,137,1627,17,2026-04-16
912,SMB,East,Web,Product_01,13,154,1978,24,2026-04-17
913,Enterprise,West,Partner,Product_02,14,171,2393,1,2026-04-18
914,MidMarket,Central,Retail,Product_03,15,188,2812,8,2026-04-19
915,Startup,North,Web,Product_04,16,205,3265,15,2026-04-20
916,SMB,South,Partner,Product_05,17,222,3752,22,2026-04-21
917,Enterprise,East,Retail,Product_06,18,239,4273,29,2026-04-22
918,MidMarket,West,Web,Product_07,19,16,298,6,2026-04-23
919,Startup,Central,Partner,Product_08,20,33,647,13,2026-04-24
920,SMB,North,Retail,Product_09,1,50,30,20,2026-04-25
921,Enterprise,South,Web,Product_10,2,67,107,27,2026-04-26
922,MidMarket,East,Partner,Product_11,3,84,248,4,2026-04-27
923,Startup,West,Retail,Product_12,4,101,393,11,2026-04-28
924,SMB,Central,Web,Product_01,5,118,572,18,2026-04-01
925,Enterprise,North,Partner,Product_02,6,135,785,25,2026-04-02
926,MidMarket,South,Retail,Product_03,7,152,1062,2,2026-04-03
927,Startup,East,Web,Product_04,8,169,1343,9,2026-04-04
928,SMB,West,Partner,Product_05,9,186,1658,16,2026-04-05
929,Enterprise,Central,Retail,Product_06,10,203,2007,23,2026-04-06
930,MidMarket,North,Web,Product_07,11,220,2420,0,2026-04-07
931,Startup,South,Partner,Product_08,12,237,2837,7,2026-04-08
932,SMB,East,Retail,Product_09,13,14,168,14,2026-04-09
933,Enterprise,West,Web,Product_10,14,31,413,21,2026-04-10
934,MidMarket,Central,Partner,Product_11,15,48,692,28,2026-04-11
935,Startup,North,Retail,Product_12,16,65,1035,5,2026-04-12
936,SMB,South,Web,Product_01,17,82,1382,12,2026-04-13
937,Enterprise,East,Partner,Product_02,18,99,1763,19,2026-04-14
938,MidMarket,West,Retail,Product_03,19,116,2178,26,2026-04-15
939,Startup,Central,Web,Product_04,20,133,2657,3,2026-04-16
940,SMB,North,Partner,Product_05,1,150,140,10,2026-04-17
941,Enterprise,South,Retail,Product_06,2,167,317,17,2026-04-18
942,MidMarket,East,Web,Product_07,3,184,528,24,2026-04-19
943,Startup,West,Partner,Product_08,4,201,803,1,2026-04-20
944,SMB,Central,Retail,Product_09,5,218,1082,8,2026-04-21
945,Enterprise,North,Web,Product_10,6,235,1395,15,2026-04-22
946,MidMarket,South,Partner,Product_11,7,12,62,22,2026-04-23
947,Startup,East,Retail,Product_12,8,29,203,29,2026-04-24
948,SMB,West,Web,Product_01,9,46,408,6,2026-04-25
949,Enterprise,Central,Partner,Product_02,10,63,617,13,2026-04-26
950,MidMarket,North,Retail,Product_03,11,80,860,20,2026-04-27
951,Startup,South,Web,Product_04,12,97,1137,27,2026-04-28
952,SMB,East,Partner,Product_05,13,114,1478,4,2026-04-01
953,Enterprise,West,Retail,Product_06,14,131,1823,11,2026-04-02
954,MidMarket,Central,Web,Product_07,15,148,2202,18,2026-04-03
955,Startup,North,Partner,Product_08,16,165,2615,25,2026-04-04
956,SMB,South,Retail,Product_09,17,182,3092,2,2026-04-05
957,Enterprise,East,Web,Product_10,18,199,3573,9,2026-04-06
958,MidMarket,West,Partner,Product_11,19,216,4088,16,2026-04-07
959,Startup,Central,Retail,Product_12,20,233,4637,23,2026-04-08
960,SMB,North,Web,Product_01,1,10,10,0,2026-04-09
961,Enterprise,South,Partner,Product_02,2,27,47,7,2026-04-10
962,MidMarket,East,Retail,Product_03,3,44,118,14,2026-04-11
963,Startup,West,Web,Product_04,4,61,223,21,2026-04-12
964,SMB,Central,Partner,Product_05,5,78,362,28,2026-04-13
965,Enterprise,North,Retail,Product_06,6,95,565,5,2026-04-14
966,MidMarket,South,Web,Product_07,7,112,772,12,2026-04-15
967,Startup,East,Partner,Product_08,8,129,1013,19,2026-04-16
968,SMB,West,Retail,Product_09,9,146,1288,26,2026-04-17
969,Enterprise,Central,Web,Product_10,10,163,1627,3,2026-04-18
970,MidMarket,North,Partner,Product_11,11,180,1970,10,2026-04-19
971,Startup,South,Retail,Product_12,12,197,2347,17,2026-04-20
972,SMB,East,Web,Product_01,13,214,2758,24,2026-04-21
973,Enterprise,West,Partner,Product_02,14,231,3233,1,2026-04-22
974,MidMarket,Central,Retail,Product_03,15,248,3712,8,2026-04-23
975,Startup,North,Web,Product_04,16,25,385,15,2026-04-24
976,SMB,South,Partner,Product_05,17,42,692,22,2026-04-25
977,Enterprise,East,Retail,Product_06,18,59,1033,29,2026-04-26
978,MidMarket,West,Web,Product_07,19,76,1438,6,2026-04-27
979,Startup,Central,Partner,Product_08,20,93,1847,13,2026-04-28
980,SMB,North,Retail,Product_09,1,110,90,20,2026-04-01
981,Enterprise,South,Web,Product_10,2,127,227,27,2026-04-02
982,MidMarket,East,Partner,Product_11,3,144,428,4,2026-04-03
983,Startup,West,Retail,Product_12,4,161,633,11,2026-04-04
984,SMB,Central,Web,Product_01,5,178,872,18,2026-04-05
985,Enterprise,North,Partner,Product_02,6,195,1145,25,2026-04-06
986,MidMarket,South,Retail,Product_03,7,212,1482,2,2026-04-07
987,Startup,East,Web,Product_04,8,229,1823,9,2026-04-08
988,SMB,West,Partner,Product_05,9,246,2198,16,2026-04-09
989,Enterprise,Central,Retail,Product_06,10,23,207,23,2026-04-10
990,MidMarket,North,Web,Product_07,11,40,440,0,2026-04-11
991,Startup,South,Partner,Product_08,12,57,677,7,2026-04-12
992,SMB,East,Retail,Product_09,13,74,948,14,2026-04-13
993,Enterprise,West,Web,Product_10,14,91,1253,21,2026-04-14
994,MidMarket,Central,Partner,Product_11,15,108,1592,28,2026-04-15
995,Startup,North,Retail,Product_12,16,125,1995,5,2026-04-16
996,SMB,South,Web,Product_01,17,142,2402,12,2026-04-17
997,Enterprise,East,Partner,Product_02,18,159,2843,19,2026-04-18
998,MidMarket,West,Retail,Product_03,19,176,3318,26,2026-04-19
999,Startup,Central,Web,Product_04,20,193,3857,3,2026-04-20
1000,SMB,North,Partner,Product_05,1,210,200,10,2026-04-21
