id,name,email,city,age,score,created_at
1,User_0001,user0001@example.com,City_02,19,37,2026-04-02
2,User_0002,user0002@example.com,City_03,20,74,2026-04-03
3,User_0003,user0003@example.com,City_04,21,111,2026-04-04
4,User_0004,user0004@example.com,City_05,22,148,2026-04-05
5,User_0005,user0005@example.com,City_06,23,185,2026-04-06
6,User_0006,user0006@example.com,City_07,24,222,2026-04-07
7,User_0007,user0007@example.com,City_08,25,259,2026-04-08
8,User_0008,user0008@example.com,City_09,26,296,2026-04-09
9,User_0009,user0009@example.com,City_10,27,333,2026-04-10
10,User_0010,user0010@example.com,City_11,28,370,2026-04-11
11,User_0011,user0011@example.com,City_12,29,407,2026-04-12
12,User_0012,user0012@example.com,City_13,30,444,2026-04-13
13,User_0013,user0013@example.com,City_14,31,481,2026-04-14
14,User_0014,user0014@example.com,City_15,32,518,2026-04-15
15,User_0015,user0015@example.com,City_16,33,555,2026-04-16
16,User_0016,user0016@example.com,City_17,34,592,2026-04-17
17,User_0017,user0017@example.com,City_18,35,629,2026-04-18
18,User_0018,user0018@example.com,City_19,36,666,2026-04-19
19,User_0019,user0019@example.com,City_20,37,703,2026-04-20
20,User_0020,user0020@example.com,City_21,38,740,2026-04-21
21,User_0021,user0021@example.com,City_22,39,777,2026-04-22
22,User_0022,user0022@example.com,City_23,40,814,2026-04-23
23,User_0023,user0023@example.com,City_24,41,851,2026-04-24
24,User_0024,user0024@example.com,City_25,42,888,2026-04-25
25,User_0025,user0025@example.com,City_01,43,925,2026-04-26
26,User_0026,user0026@example.com,City_02,44,962,2026-04-27
27,User_0027,user0027@example.com,City_03,45,999,2026-04-28
28,User_0028,user0028@example.com,City_04,46,36,2026-04-01
29,User_0029,user0029@example.com,City_05,47,73,2026-04-02
30,User_0030,user0030@example.com,City_06,48,110,2026-04-03
31,User_0031,user0031@example.com,City_07,49,147,2026-04-04
32,User_0032,user0032@example.com,City_08,50,184,2026-04-05
33,User_0033,user0033@example.com,City_09,51,221,2026-04-06
34,User_0034,user0034@example.com,City_10,52,258,2026-04-07
35,User_0035,user0035@example.com,City_11,53,295,2026-04-08
36,User_0036,user0036@example.com,City_12,54,332,2026-04-09
37,User_0037,user0037@example.com,City_13,55,369,2026-04-10
38,User_0038,user0038@example.com,City_14,56,406,2026-04-11
39,User_0039,user0039@example.com,City_15,57,443,2026-04-12
40,User_0040,user0040@example.com,City_16,58,480,2026-04-13
41,User_0041,user0041@example.com,City_17,59,517,2026-04-14
42,User_0042,user0042@example.com,City_18,60,554,2026-04-15
43,User_0043,user0043@example.com,City_19,61,591,2026-04-16
44,User_0044,user0044@example.com,City_20,62,628,2026-04-17
45,User_0045,user0045@example.com,City_21,63,665,2026-04-18
46,User_0046,user0046@example.com,City_22,64,702,2026-04-19
47,User_0047,user0047@example.com,City_23,65,739,2026-04-20
48,User_0048,user0048@example.com,City_24,66,776,2026-04-21
49,User_0049,user0049@example.com,City_25,67,813,2026-04-22
50,User_0050,user0050@example.com,City_01,68,850,2026-04-23
51,User_0051,user0051@example.com,City_02,69,887,2026-04-24
52,User_0052,user0052@example.com,City_03,70,924,2026-04-25
53,User_0053,user0053@example.com,City_04,18,961,2026-04-26
54,User_0054,user0054@example.com,City_05,19,998,2026-04-27
55,User_0055,user0055@example.com,City_06,20,35,2026-04-28
56,User_0056,user0056@example.com,City_07,21,72,2026-04-01
57,User_0057,user0057@example.com,City_08,22,109,2026-04-02
58,User_0058,user0058@example.com,City_09,23,146,2026-04-03
59,User_0059,user0059@example.com,City_10,24,183,2026-04-04
60,User_0060,user0060@example.com,City_11,25,220,2026-04-05
61,User_0061,user0061@example.com,City_12,26,257,2026-04-06
62,User_0062,user0062@example.com,City_13,27,294,2026-04-07
63,User_0063,user0063@example.com,City_14,28,331,2026-04-08
64,User_0064,user0064@example.com,City_15,29,368,2026-04-09
65,User_0065,user0065@example.com,City_16,30,405,2026-04-10
66,User_0066,user0066@example.com,City_17,31,442,2026-04-11
67,User_0067,user0067@example.com,City_18,32,479,2026-04-12
68,User_0068,user0068@example.com,City_19,33,516,2026-04-13
69,User_0069,user0069@example.com,City_20,34,553,2026-04-14
70,User_0070,user0070@example.com,City_21,35,590,2026-04-15
71,User_0071,user0071@example.com,City_22,36,627,2026-04-16
72,User_0072,user0072@example.com,City_23,37,664,2026-04-17
73,User_0073,user0073@example.com,City_24,38,701,2026-04-18
74,User_0074,user0074@example.com,City_25,39,738,2026-04-19
75,User_0075,user0075@example.com,City_01,40,775,2026-04-20
76,User_0076,user0076@example.com,City_02,41,812,2026-04-21
77,User_0077,user0077@example.com,City_03,42,849,2026-04-22
78,User_0078,user0078@example.com,City_04,43,886,2026-04-23
79,User_0079,user0079@example.com,City_05,44,923,2026-04-24
80,User_0080,user0080@example.com,City_06,45,960,2026-04-25
81,User_0081,user0081@example.com,City_07,46,997,2026-04-26
82,User_0082,user0082@example.com,City_08,47,34,2026-04-27
83,User_0083,user0083@example.com,City_09,48,71,2026-04-28
84,User_0084,user0084@example.com,City_10,49,108,2026-04-01
85,User_0085,user0085@example.com,City_11,50,145,2026-04-02
86,User_0086,user0086@example.com,City_12,51,182,2026-04-03
87,User_0087,user0087@example.com,City_13,52,219,2026-04-04
88,User_0088,user0088@example.com,City_14,53,256,2026-04-05
89,User_0089,user0089@example.com,City_15,54,293,2026-04-06
90,User_0090,user0090@example.com,City_16,55,330,2026-04-07
91,User_0091,user0091@example.com,City_17,56,367,2026-04-08
92,User_0092,user0092@example.com,City_18,57,404,2026-04-09
93,User_0093,user0093@example.com,City_19,58,441,2026-04-10
94,User_0094,user0094@example.com,City_20,59,478,2026-04-11
95,User_0095,user0095@example.com,City_21,60,515,2026-04-12
96,User_0096,user0096@example.com,City_22,61,552,2026-04-13
97,User_0097,user0097@example.com,City_23,62,589,2026-04-14
98,User_0098,user0098@example.com,City_24,63,626,2026-04-15
99,User_0099,user0099@example.com,City_25,64,663,2026-04-16
100,User_0100,user0100@example.com,City_01,65,700,2026-04-17
101,User_0101,user0101@example.com,City_02,66,737,2026-04-18
102,User_0102,user0102@example.com,City_03,67,774,2026-04-19
103,User_0103,user0103@example.com,City_04,68,811,2026-04-20
104,User_0104,user0104@example.com,City_05,69,848,2026-04-21
105,User_0105,user0105@example.com,City_06,70,885,2026-04-22
106,User_0106,user0106@example.com,City_07,18,922,2026-04-23
107,User_0107,user0107@example.com,City_08,19,959,2026-04-24
108,User_0108,user0108@example.com,City_09,20,996,2026-04-25
109,User_0109,user0109@example.com,City_10,21,33,2026-04-26
110,User_0110,user0110@example.com,City_11,22,70,2026-04-27
111,User_0111,user0111@example.com,City_12,23,107,2026-04-28
112,User_0112,user0112@example.com,City_13,24,144,2026-04-01
113,User_0113,user0113@example.com,City_14,25,181,2026-04-02
114,User_0114,user0114@example.com,City_15,26,218,2026-04-03
115,User_0115,user0115@example.com,City_16,27,255,2026-04-04
116,User_0116,user0116@example.com,City_17,28,292,2026-04-05
117,User_0117,user0117@example.com,City_18,29,329,2026-04-06
118,User_0118,user0118@example.com,City_19,30,366,2026-04-07
119,User_0119,user0119@example.com,City_20,31,403,2026-04-08
120,User_0120,user0120@example.com,City_21,32,440,2026-04-09
121,User_0121,user0121@example.com,City_22,33,477,2026-04-10
122,User_0122,user0122@example.com,City_23,34,514,2026-04-11
123,User_0123,user0123@example.com,City_24,35,551,2026-04-12
124,User_0124,user0124@example.com,City_25,36,588,2026-04-13
125,User_0125,user0125@example.com,City_01,37,625,2026-04-14
126,User_0126,user0126@example.com,City_02,38,662,2026-04-15
127,User_0127,user0127@example.com,City_03,39,699,2026-04-16
128,User_0128,user0128@example.com,City_04,40,736,2026-04-17
129,User_0129,user0129@example.com,City_05,41,773,2026-04-18
130,User_0130,user0130@example.com,City_06,42,810,2026-04-19
131,User_0131,user0131@example.com,City_07,43,847,2026-04-20
132,User_0132,user0132@example.com,City_08,44,884,2026-04-21
133,User_0133,user0133@example.com,City_09,45,921,2026-04-22
134,User_0134,user0134@example.com,City_10,46,958,2026-04-23
135,User_0135,user0135@example.com,City_11,47,995,2026-04-24
136,User_0136,user0136@example.com,City_12,48,32,2026-04-25
137,User_0137,user0137@example.com,City_13,49,69,2026-04-26
138,User_0138,user0138@example.com,City_14,50,106,2026-04-27
139,User_0139,user0139@example.com,City_15,51,143,2026-04-28
140,User_0140,user0140@example.com,City_16,52,180,2026-04-01
141,User_0141,user0141@example.com,City_17,53,217,2026-04-02
142,User_0142,user0142@example.com,City_18,54,254,2026-04-03
143,User_0143,user0143@example.com,City_19,55,291,2026-04-04
144,User_0144,user0144@example.com,City_20,56,328,2026-04-05
145,User_0145,user0145@example.com,City_21,57,365,2026-04-06
146,User_0146,user0146@example.com,City_22,58,402,2026-04-07
147,User_0147,user0147@example.com,City_23,59,439,2026-04-08
148,User_0148,user0148@example.com,City_24,60,476,2026-04-09
149,User_0149,user0149@example.com,City_25,61,513,2026-04-10
150,User_0150,user0150@example.com,City_01,62,550,2026-04-11
151,User_0151,user0151@example.com,City_02,63,587,2026-04-12
152,User_0152,user0152@example.com,City_03,64,624,2026-04-13
153,User_0153,user0153@example.com,City_04,65,661,2026-04-14
154,User_0154,user0154@example.com,City_05,66,698,2026-04-15
155,User_0155,user0155@example.com,City_06,67,735,2026-04-16
156,User_0156,user0156@example.com,City_07,68,772,2026-04-17
157,User_0157,user0157@example.com,City_08,69,809,2026-04-18
158,User_0158,user0158@example.com,City_09,70,846,2026-04-19
159,User_0159,user0159@example.com,City_10,18,883,2026-04-20
160,User_0160,user0160@example.com,City_11,19,920,2026-04-21
161,User_0161,user0161@example.com,City_12,20,957,2026-04-22
162,User_0162,user0162@example.com,City_13,21,994,2026-04-23
163,User_0163,user0163@example.com,City_14,22,31,2026-04-24
164,User_0164,user0164@example.com,City_15,23,68,2026-04-25
165,User_0165,user0165@example.com,City_16,24,105,2026-04-26
166,User_0166,user0166@example.com,City_17,25,142,2026-04-27
167,User_0167,user0167@example.com,City_18,26,179,2026-04-28
168,User_0168,user0168@example.com,City_19,27,216,2026-04-01
169,User_0169,user0169@example.com,City_20,28,253,2026-04-02
170,User_0170,user0170@example.com,City_21,29,290,2026-04-03
171,User_0171,user0171@example.com,City_22,30,327,2026-04-04
172,User_0172,user0172@example.com,City_23,31,364,2026-04-05
173,User_0173,user0173@example.com,City_24,32,401,2026-04-06
174,User_0174,user0174@example.com,City_25,33,438,2026-04-07
175,User_0175,user0175@example.com,City_01,34,475,2026-04-08
176,User_0176,user0176@example.com,City_02,35,512,2026-04-09
177,User_0177,user0177@example.com,City_03,36,549,2026-04-10
178,User_0178,user0178@example.com,City_04,37,586,2026-04-11
179,User_0179,user0179@example.com,City_05,38,623,2026-04-12
180,User_0180,user0180@example.com,City_06,39,660,2026-04-13
181,User_0181,user0181@example.com,City_07,40,697,2026-04-14
182,User_0182,user0182@example.com,City_08,41,734,2026-04-15
183,User_0183,user0183@example.com,City_09,42,771,2026-04-16
184,User_0184,user0184@example.com,City_10,43,808,2026-04-17
185,User_0185,user0185@example.com,City_11,44,845,2026-04-18
186,User_0186,user0186@example.com,City_12,45,882,2026-04-19
187,User_0187,user0187@example.com,City_13,46,919,2026-04-20
188,User_0188,user0188@example.com,City_14,47,956,2026-04-21
189,User_0189,user0189@example.com,City_15,48,993,2026-04-22
190,User_0190,user0190@example.com,City_16,49,30,2026-04-23
191,User_0191,user0191@example.com,City_17,50,67,2026-04-24
192,User_0192,user0192@example.com,City_18,51,104,2026-04-25
193,User_0193,user0193@example.com,City_19,52,141,2026-04-26
194,User_0194,user0194@example.com,City_20,53,178,2026-04-27
195,User_0195,user0195@example.com,City_21,54,215,2026-04-28
196,User_0196,user0196@example.com,City_22,55,252,2026-04-01
197,User_0197,user0197@example.com,City_23,56,289,2026-04-02
198,User_0198,user0198@example.com,City_24,57,326,2026-04-03
199,User_0199,user0199@example.com,City_25,58,363,2026-04-04
200,User_0200,user0200@example.com,City_01,59,400,2026-04-05
201,User_0201,user0201@example.com,City_02,60,437,2026-04-06
202,User_0202,user0202@example.com,City_03,61,474,2026-04-07
203,User_0203,user0203@example.com,City_04,62,511,2026-04-08
204,User_0204,user0204@example.com,City_05,63,548,2026-04-09
205,User_0205,user0205@example.com,City_06,64,585,2026-04-10
206,User_0206,user0206@example.com,City_07,65,622,2026-04-11
207,User_0207,user0207@example.com,City_08,66,659,2026-04-12
208,User_0208,user0208@example.com,City_09,67,696,2026-04-13
209,User_0209,user0209@example.com,City_10,68,733,2026-04-14
210,User_0210,user0210@example.com,City_11,69,770,2026-04-15
211,User_0211,user0211@example.com,City_12,70,807,2026-04-16
212,User_0212,user0212@example.com,City_13,18,844,2026-04-17
213,User_0213,user0213@example.com,City_14,19,881,2026-04-18
214,User_0214,user0214@example.com,City_15,20,918,2026-04-19
215,User_0215,user0215@example.com,City_16,21,955,2026-04-20
216,User_0216,user0216@example.com,City_17,22,992,2026-04-21
217,User_0217,user0217@example.com,City_18,23,29,2026-04-22
218,User_0218,user0218@example.com,City_19,24,66,2026-04-23
219,User_0219,user0219@example.com,City_20,25,103,2026-04-24
220,User_0220,user0220@example.com,City_21,26,140,2026-04-25
221,User_0221,user0221@example.com,City_22,27,177,2026-04-26
222,User_0222,user0222@example.com,City_23,28,214,2026-04-27
223,User_0223,user0223@example.com,City_24,29,251,2026-04-28
224,User_0224,user0224@example.com,City_25,30,288,2026-04-01
225,User_0225,user0225@example.com,City_01,31,325,2026-04-02
226,User_0226,user0226@example.com,City_02,32,362,2026-04-03
227,User_0227,user0227@example.com,City_03,33,399,2026-04-04
228,User_0228,user0228@example.com,City_04,34,436,2026-04-05
229,User_0229,user0229@example.com,City_05,35,473,2026-04-06
230,User_0230,user0230@example.com,City_06,36,510,2026-04-07
231,User_0231,user0231@example.com,City_07,37,547,2026-04-08
232,User_0232,user0232@example.com,City_08,38,584,2026-04-09
233,User_0233,user0233@example.com,City_09,39,621,2026-04-10
234,User_0234,user0234@example.com,City_10,40,658,2026-04-11
235,User_0235,user0235@example.com,City_11,41,695,2026-04-12
236,User_0236,user0236@example.com,City_12,42,732,2026-04-13
237,User_0237,user0237@example.com,City_13,43,769,2026-04-14
238,User_0238,user0238@example.com,City_14,44,806,2026-04-15
239,User_0239,user0239@example.com,City_15,45,843,2026-04-16
240,User_0240,user0240@example.com,City_16,46,880,2026-04-17
241,User_0241,user0241@example.com,City_17,47,917,2026-04-18
242,User_0242,user0242@example.com,City_18,48,954,2026-04-19
243,User_0243,user0243@example.com,City_19,49,991,2026-04-20
244,User_0244,user0244@example.com,City_20,50,28,2026-04-21
245,User_0245,user0245@example.com,City_21,51,65,2026-04-22
246,User_0246,user0246@example.com,City_22,52,102,2026-04-23
247,User_0247,user0247@example.com,City_23,53,139,2026-04-24
248,User_0248,user0248@example.com,City_24,54,176,2026-04-25
249,User_0249,user0249@example.com,City_25,55,213,2026-04-26
250,User_0250,user0250@example.com,City_01,56,250,2026-04-27
251,User_0251,user0251@example.com,City_02,57,287,2026-04-28
252,User_0252,user0252@example.com,City_03,58,324,2026-04-01
253,User_0253,user0253@example.com,City_04,59,361,2026-04-02
254,User_0254,user0254@example.com,City_05,60,398,2026-04-03
255,User_0255,user0255@example.com,City_06,61,435,2026-04-04
256,User_0256,user0256@example.com,City_07,62,472,2026-04-05
257,User_0257,user0257@example.com,City_08,63,509,2026-04-06
258,User_0258,user0258@example.com,City_09,64,546,2026-04-07
259,User_0259,user0259@example.com,City_10,65,583,2026-04-08
260,User_0260,user0260@example.com,City_11,66,620,2026-04-09
261,User_0261,user0261@example.com,City_12,67,657,2026-04-10
262,User_0262,user0262@example.com,City_13,68,694,2026-04-11
263,User_0263,user0263@example.com,City_14,69,731,2026-04-12
264,User_0264,user0264@example.com,City_15,70,768,2026-04-13
265,User_0265,user0265@example.com,City_16,18,805,2026-04-14
266,User_0266,user0266@example.com,City_17,19,842,2026-04-15
267,User_0267,user0267@example.com,City_18,20,879,2026-04-16
268,User_0268,user0268@example.com,City_19,21,916,2026-04-17
269,User_0269,user0269@example.com,City_20,22,953,2026-04-18
270,User_0270,user0270@example.com,City_21,23,990,2026-04-19
271,User_0271,user0271@example.com,City_22,24,27,2026-04-20
272,User_0272,user0272@example.com,City_23,25,64,2026-04-21
273,User_0273,user0273@example.com,City_24,26,101,2026-04-22
274,User_0274,user0274@example.com,City_25,27,138,2026-04-23
275,User_0275,user0275@example.com,City_01,28,175,2026-04-24
276,User_0276,user0276@example.com,City_02,29,212,2026-04-25
277,User_0277,user0277@example.com,City_03,30,249,2026-04-26
278,User_0278,user0278@example.com,City_04,31,286,2026-04-27
279,User_0279,user0279@example.com,City_05,32,323,2026-04-28
280,User_0280,user0280@example.com,City_06,33,360,2026-04-01
281,User_0281,user0281@example.com,City_07,34,397,2026-04-02
282,User_0282,user0282@example.com,City_08,35,434,2026-04-03
283,User_0283,user0283@example.com,City_09,36,471,2026-04-04
284,User_0284,user0284@example.com,City_10,37,508,2026-04-05
285,User_0285,user0285@example.com,City_11,38,545,2026-04-06
286,User_0286,user0286@example.com,City_12,39,582,2026-04-07
287,User_0287,user0287@example.com,City_13,40,619,2026-04-08
288,User_0288,user0288@example.com,City_14,41,656,2026-04-09
289,User_0289,user0289@example.com,City_15,42,693,2026-04-10
290,User_0290,user0290@example.com,City_16,43,730,2026-04-11
291,User_0291,user0291@example.com,City_17,44,767,2026-04-12
292,User_0292,user0292@example.com,City_18,45,804,2026-04-13
293,User_0293,user0293@example.com,City_19,46,841,2026-04-14
294,User_0294,user0294@example.com,City_20,47,878,2026-04-15
295,User_0295,user0295@example.com,City_21,48,915,2026-04-16
296,User_0296,user0296@example.com,City_22,49,952,2026-04-17
297,User_0297,user0297@example.com,City_23,50,989,2026-04-18
298,User_0298,user0298@example.com,City_24,51,26,2026-04-19
299,User_0299,user0299@example.com,City_25,52,63,2026-04-20
300,User_0300,user0300@example.com,City_01,53,100,2026-04-21
301,User_0301,user0301@example.com,City_02,54,137,2026-04-22
302,User_0302,user0302@example.com,City_03,55,174,2026-04-23
303,User_0303,user0303@example.com,City_04,56,211,2026-04-24
304,User_0304,user0304@example.com,City_05,57,248,2026-04-25
305,User_0305,user0305@example.com,City_06,58,285,2026-04-26
306,User_0306,user0306@example.com,City_07,59,322,2026-04-27
307,User_0307,user0307@example.com,City_08,60,359,2026-04-28
308,User_0308,user0308@example.com,City_09,61,396,2026-04-01
309,User_0309,user0309@example.com,City_10,62,433,2026-04-02
310,User_0310,user0310@example.com,City_11,63,470,2026-04-03
311,User_0311,user0311@example.com,City_12,64,507,2026-04-04
312,User_0312,user0312@example.com,City_13,65,544,2026-04-05
313,User_0313,user0313@example.com,City_14,66,581,2026-04-06
314,User_0314,user0314@example.com,City_15,67,618,2026-04-07
315,User_0315,user0315@example.com,City_16,68,655,2026-04-08
316,User_0316,user0316@example.com,City_17,69,692,2026-04-09
317,User_0317,user0317@example.com,City_18,70,729,2026-04-10
318,User_0318,user0318@example.com,City_19,18,766,2026-04-11
319,User_0319,user0319@example.com,City_20,19,803,2026-04-12
320,User_0320,user0320@example.com,City_21,20,840,2026-04-13
321,User_0321,user0321@example.com,City_22,21,877,2026-04-14
322,User_0322,user0322@example.com,City_23,22,914,2026-04-15
323,User_0323,user0323@example.com,City_24,23,951,2026-04-16
324,User_0324,user0324@example.com,City_25,24,988,2026-04-17
325,User_0325,user0325@example.com,City_01,25,25,2026-04-18
326,User_0326,user0326@example.com,City_02,26,62,2026-04-19
327,User_0327,user0327@example.com,City_03,27,99,2026-04-20
328,User_0328,user0328@example.com,City_04,28,136,2026-04-21
329,User_0329,user0329@example.com,City_05,29,173,2026-04-22
330,User_0330,user0330@example.com,City_06,30,210,2026-04-23
331,User_0331,user0331@example.com,City_07,31,247,2026-04-24
332,User_0332,user0332@example.com,City_08,32,284,2026-04-25
333,User_0333,user0333@example.com,City_09,33,321,2026-04-26
334,User_0334,user0334@example.com,City_10,34,358,2026-04-27
335,User_0335,user0335@example.com,City_11,35,395,2026-04-28
336,User_0336,user0336@example.com,City_12,36,432,2026-04-01
337,User_0337,user0337@example.com,City_13,37,469,2026-04-02
338,User_0338,user0338@example.com,City_14,38,506,2026-04-03
339,User_0339,user0339@example.com,City_15,39,543,2026-04-04
340,User_0340,user0340@example.com,City_16,40,580,2026-04-05
341,User_0341,user0341@example.com,City_17,41,617,2026-04-06
342,User_0342,user0342@example.com,City_18,42,654,2026-04-07
343,User_0343,user0343@example.com,City_19,43,691,2026-04-08
344,User_0344,user0344@example.com,City_20,44,728,2026-04-09
345,User_0345,user0345@example.com,City_21,45,765,2026-04-10
346,User_0346,user0346@example.com,City_22,46,802,2026-04-11
347,User_0347,user0347@example.com,City_23,47,839,2026-04-12
348,User_0348,user0348@example.com,City_24,48,876,2026-04-13
349,User_0349,user0349@example.com,City_25,49,913,2026-04-14
350,User_0350,user0350@example.com,City_01,50,950,2026-04-15
351,User_0351,user0351@example.com,City_02,51,987,2026-04-16
352,User_0352,user0352@example.com,City_03,52,24,2026-04-17
353,User_0353,user0353@example.com,City_04,53,61,2026-04-18
354,User_0354,user0354@example.com,City_05,54,98,2026-04-19
355,User_0355,user0355@example.com,City_06,55,135,2026-04-20
356,User_0356,user0356@example.com,City_07,56,172,2026-04-21
357,User_0357,user0357@example.com,City_08,57,209,2026-04-22
358,User_0358,user0358@example.com,City_09,58,246,2026-04-23
359,User_0359,user0359@example.com,City_10,59,283,2026-04-24
360,User_0360,user0360@example.com,City_11,60,320,2026-04-25
361,User_0361,user0361@example.com,City_12,61,357,2026-04-26
362,User_0362,user0362@example.com,City_13,62,394,2026-04-27
363,User_0363,user0363@example.com,City_14,63,431,2026-04-28
364,User_0364,user0364@example.com,City_15,64,468,2026-04-01
365,User_0365,user0365@example.com,City_16,65,505,2026-04-02
366,User_0366,user0366@example.com,City_17,66,542,2026-04-03
367,User_0367,user0367@example.com,City_18,67,579,2026-04-04
368,User_0368,user0368@example.com,City_19,68,616,2026-04-05
369,User_0369,user0369@example.com,City_20,69,653,2026-04-06
370,User_0370,user0370@example.com,City_21,70,690,2026-04-07
371,User_0371,user0371@example.com,City_22,18,727,2026-04-08
372,User_0372,user0372@example.com,City_23,19,764,2026-04-09
373,User_0373,user0373@example.com,City_24,20,801,2026-04-10
374,User_0374,user0374@example.com,City_25,21,838,2026-04-11
375,User_0375,user0375@example.com,City_01,22,875,2026-04-12
376,User_0376,user0376@example.com,City_02,23,912,2026-04-13
377,User_0377,user0377@example.com,City_03,24,949,2026-04-14
378,User_0378,user0378@example.com,City_04,25,986,2026-04-15
379,User_0379,user0379@example.com,City_05,26,23,2026-04-16
380,User_0380,user0380@example.com,City_06,27,60,2026-04-17
381,User_0381,user0381@example.com,City_07,28,97,2026-04-18
382,User_0382,user0382@example.com,City_08,29,134,2026-04-19
383,User_0383,user0383@example.com,City_09,30,171,2026-04-20
384,User_0384,user0384@example.com,City_10,31,208,2026-04-21
385,User_0385,user0385@example.com,City_11,32,245,2026-04-22
386,User_0386,user0386@example.com,City_12,33,282,2026-04-23
387,User_0387,user0387@example.com,City_13,34,319,2026-04-24
388,User_0388,user0388@example.com,City_14,35,356,2026-04-25
389,User_0389,user0389@example.com,City_15,36,393,2026-04-26
390,User_0390,user0390@example.com,City_16,37,430,2026-04-27
391,User_0391,user0391@example.com,City_17,38,467,2026-04-28
392,User_0392,user0392@example.com,City_18,39,504,2026-04-01
393,User_0393,user0393@example.com,City_19,40,541,2026-04-02
394,User_0394,user0394@example.com,City_20,41,578,2026-04-03
395,User_0395,user0395@example.com,City_21,42,615,2026-04-04
396,User_0396,user0396@example.com,City_22,43,652,2026-04-05
397,User_0397,user0397@example.com,City_23,44,689,2026-04-06
398,User_0398,user0398@example.com,City_24,45,726,2026-04-07
399,User_0399,user0399@example.com,City_25,46,763,2026-04-08
400,User_0400,user0400@example.com,City_01,47,800,2026-04-09
401,User_0401,user0401@example.com,City_02,48,837,2026-04-10
402,User_0402,user0402@example.com,City_03,49,874,2026-04-11
403,User_0403,user0403@example.com,City_04,50,911,2026-04-12
404,User_0404,user0404@example.com,City_05,51,948,2026-04-13
405,User_0405,user0405@example.com,City_06,52,985,2026-04-14
406,User_0406,user0406@example.com,City_07,53,22,2026-04-15
407,User_0407,user0407@example.com,City_08,54,59,2026-04-16
408,User_0408,user0408@example.com,City_09,55,96,2026-04-17
409,User_0409,user0409@example.com,City_10,56,133,2026-04-18
410,User_0410,user0410@example.com,City_11,57,170,2026-04-19
411,User_0411,user0411@example.com,City_12,58,207,2026-04-20
412,User_0412,user0412@example.com,City_13,59,244,2026-04-21
413,User_0413,user0413@example.com,City_14,60,281,2026-04-22
414,User_0414,user0414@example.com,City_15,61,318,2026-04-23
415,User_0415,user0415@example.com,City_16,62,355,2026-04-24
416,User_0416,user0416@example.com,City_17,63,392,2026-04-25
417,User_0417,user0417@example.com,City_18,64,429,2026-04-26
418,User_0418,user0418@example.com,City_19,65,466,2026-04-27
419,User_0419,user0419@example.com,City_20,66,503,2026-04-28
420,User_0420,user0420@example.com,City_21,67,540,2026-04-01
421,User_0421,user0421@example.com,City_22,68,577,2026-04-02
422,User_0422,user0422@example.com,City_23,69,614,2026-04-03
423,User_0423,user0423@example.com,City_24,70,651,2026-04-04
424,User_0424,user0424@example.com,City_25,18,688,2026-04-05
425,User_0425,user0425@example.com,City_01,19,725,2026-04-06
426,User_0426,user0426@example.com,City_02,20,762,2026-04-07
427,User_0427,user0427@example.com,City_03,21,799,2026-04-08
428,User_0428,user0428@example.com,City_04,22,836,2026-04-09
429,User_0429,user0429@example.com,City_05,23,873,2026-04-10
430,User_0430,user0430@example.com,City_06,24,910,2026-04-11
431,User_0431,user0431@example.com,City_07,25,947,2026-04-12
432,User_0432,user0432@example.com,City_08,26,984,2026-04-13
433,User_0433,user0433@example.com,City_09,27,21,2026-04-14
434,User_0434,user0434@example.com,City_10,28,58,2026-04-15
435,User_0435,user0435@example.com,City_11,29,95,2026-04-16
436,User_0436,user0436@example.com,City_12,30,132,2026-04-17
437,User_0437,user0437@example.com,City_13,31,169,2026-04-18
438,User_0438,user0438@example.com,City_14,32,206,2026-04-19
439,User_0439,user0439@example.com,City_15,33,243,2026-04-20
440,User_0440,user0440@example.com,City_16,34,280,2026-04-21
441,User_0441,user0441@example.com,City_17,35,317,2026-04-22
442,User_0442,user0442@example.com,City_18,36,354,2026-04-23
443,User_0443,user0443@example.com,City_19,37,391,2026-04-24
444,User_0444,user0444@example.com,City_20,38,428,2026-04-25
445,User_0445,user0445@example.com,City_21,39,465,2026-04-26
446,User_0446,user0446@example.com,City_22,40,502,2026-04-27
447,User_0447,user0447@example.com,City_23,41,539,2026-04-28
448,User_0448,user0448@example.com,City_24,42,576,2026-04-01
449,User_0449,user0449@example.com,City_25,43,613,2026-04-02
450,User_0450,user0450@example.com,City_01,44,650,2026-04-03
451,User_0451,user0451@example.com,City_02,45,687,2026-04-04
452,User_0452,user0452@example.com,City_03,46,724,2026-04-05
453,User_0453,user0453@example.com,City_04,47,761,2026-04-06
454,User_0454,user0454@example.com,City_05,48,798,2026-04-07
455,User_0455,user0455@example.com,City_06,49,835,2026-04-08
456,User_0456,user0456@example.com,City_07,50,872,2026-04-09
457,User_0457,user0457@example.com,City_08,51,909,2026-04-10
458,User_0458,user0458@example.com,City_09,52,946,2026-04-11
459,User_0459,user0459@example.com,City_10,53,983,2026-04-12
460,User_0460,user0460@example.com,City_11,54,20,2026-04-13
461,User_0461,user0461@example.com,City_12,55,57,2026-04-14
462,User_0462,user0462@example.com,City_13,56,94,2026-04-15
463,User_0463,user0463@example.com,City_14,57,131,2026-04-16
464,User_0464,user0464@example.com,City_15,58,168,2026-04-17
465,User_0465,user0465@example.com,City_16,59,205,2026-04-18
466,User_0466,user0466@example.com,City_17,60,242,2026-04-19
467,User_0467,user0467@example.com,City_18,61,279,2026-04-20
468,User_0468,user0468@example.com,City_19,62,316,2026-04-21
469,User_0469,user0469@example.com,City_20,63,353,2026-04-22
470,User_0470,user0470@example.com,City_21,64,390,2026-04-23
471,User_0471,user0471@example.com,City_22,65,427,2026-04-24
472,User_0472,user0472@example.com,City_23,66,464,2026-04-25
473,User_0473,user0473@example.com,City_24,67,501,2026-04-26
474,User_0474,user0474@example.com,City_25,68,538,2026-04-27
475,User_0475,user0475@example.com,City_01,69,575,2026-04-28
476,User_0476,user0476@example.com,City_02,70,612,2026-04-01
477,User_0477,user0477@example.com,City_03,18,649,2026-04-02
478,User_0478,user0478@example.com,City_04,19,686,2026-04-03
479,User_0479,user0479@example.com,City_05,20,723,2026-04-04
480,User_0480,user0480@example.com,City_06,21,760,2026-04-05
481,User_0481,user0481@example.com,City_07,22,797,2026-04-06
482,User_0482,user0482@example.com,City_08,23,834,2026-04-07
483,User_0483,user0483@example.com,City_09,24,871,2026-04-08
484,User_0484,user0484@example.com,City_10,25,908,2026-04-09
485,User_0485,user0485@example.com,City_11,26,945,2026-04-10
486,User_0486,user0486@example.com,City_12,27,982,2026-04-11
487,User_0487,user0487@example.com,City_13,28,19,2026-04-12
488,User_0488,user0488@example.com,City_14,29,56,2026-04-13
489,User_0489,user0489@example.com,City_15,30,93,2026-04-14
490,User_0490,user0490@example.com,City_16,31,130,2026-04-15
491,User_0491,user0491@example.com,City_17,32,167,2026-04-16
492,User_0492,user0492@example.com,City_18,33,204,2026-04-17
493,User_0493,user0493@example.com,City_19,34,241,2026-04-18
494,User_0494,user0494@example.com,City_20,35,278,2026-04-19
495,User_0495,user0495@example.com,City_21,36,315,2026-04-20
496,User_0496,user0496@example.com,City_22,37,352,2026-04-21
497,User_0497,user0497@example.com,City_23,38,389,2026-04-22
498,User_0498,user0498@example.com,City_24,39,426,2026-04-23
499,User_0499,user0499@example.com,City_25,40,463,2026-04-24
500,User_0500,user0500@example.com,City_01,41,500,2026-04-25
501,User_0501,user0501@example.com,City_02,42,537,2026-04-26
502,User_0502,user0502@example.com,City_03,43,574,2026-04-27
503,User_0503,user0503@example.com,City_04,44,611,2026-04-28
504,User_0504,user0504@example.com,City_05,45,648,2026-04-01
505,User_0505,user0505@example.com,City_06,46,685,2026-04-02
506,User_0506,user0506@example.com,City_07,47,722,2026-04-03
507,User_0507,user0507@example.com,City_08,48,759,2026-04-04
508,User_0508,user0508@example.com,City_09,49,796,2026-04-05
509,User_0509,user0509@example.com,City_10,50,833,2026-04-06
510,User_0510,user0510@example.com,City_11,51,870,2026-04-07
511,User_0511,user0511@example.com,City_12,52,907,2026-04-08
512,User_0512,user0512@example.com,City_13,53,944,2026-04-09
513,User_0513,user0513@example.com,City_14,54,981,2026-04-10
514,User_0514,user0514@example.com,City_15,55,18,2026-04-11
515,User_0515,user0515@example.com,City_16,56,55,2026-04-12
516,User_0516,user0516@example.com,City_17,57,92,2026-04-13
517,User_0517,user0517@example.com,City_18,58,129,2026-04-14
518,User_0518,user0518@example.com,City_19,59,166,2026-04-15
519,User_0519,user0519@example.com,City_20,60,203,2026-04-16
520,User_0520,user0520@example.com,City_21,61,240,2026-04-17
521,User_0521,user0521@example.com,City_22,62,277,2026-04-18
522,User_0522,user0522@example.com,City_23,63,314,2026-04-19
523,User_0523,user0523@example.com,City_24,64,351,2026-04-20
524,User_0524,user0524@example.com,City_25,65,388,2026-04-21
525,User_0525,user0525@example.com,City_01,66,425,2026-04-22
526,User_0526,user0526@example.com,City_02,67,462,2026-04-23
527,User_0527,user0527@example.com,City_03,68,499,2026-04-24
528,User_0528,user0528@example.com,City_04,69,536,2026-04-25
529,User_0529,user0529@example.com,City_05,70,573,2026-04-26
530,User_0530,user0530@example.com,City_06,18,610,2026-04-27
531,User_0531,user0531@example.com,City_07,19,647,2026-04-28
532,User_0532,user0532@example.com,City_08,20,684,2026-04-01
533,User_0533,user0533@example.com,City_09,21,721,2026-04-02
534,User_0534,user0534@example.com,City_10,22,758,2026-04-03
535,User_0535,user0535@example.com,City_11,23,795,2026-04-04
536,User_0536,user0536@example.com,City_12,24,832,2026-04-05
537,User_0537,user0537@example.com,City_13,25,869,2026-04-06
538,User_0538,user0538@example.com,City_14,26,906,2026-04-07
539,User_0539,user0539@example.com,City_15,27,943,2026-04-08
540,User_0540,user0540@example.com,City_16,28,980,2026-04-09
541,User_0541,user0541@example.com,City_17,29,17,2026-04-10
542,User_0542,user0542@example.com,City_18,30,54,2026-04-11
543,User_0543,user0543@example.com,City_19,31,91,2026-04-12
544,User_0544,user0544@example.com,City_20,32,128,2026-04-13
545,User_0545,user0545@example.com,City_21,33,165,2026-04-14
546,User_0546,user0546@example.com,City_22,34,202,2026-04-15
547,User_0547,user0547@example.com,City_23,35,239,2026-04-16
548,User_0548,user0548@example.com,City_24,36,276,2026-04-17
549,User_0549,user0549@example.com,City_25,37,313,2026-04-18
550,User_0550,user0550@example.com,City_01,38,350,2026-04-19
551,User_0551,user0551@example.com,City_02,39,387,2026-04-20
552,User_0552,user0552@example.com,City_03,40,424,2026-04-21
553,User_0553,user0553@example.com,City_04,41,461,2026-04-22
554,User_0554,user0554@example.com,City_05,42,498,2026-04-23
555,User_0555,user0555@example.com,City_06,43,535,2026-04-24
556,User_0556,user0556@example.com,City_07,44,572,2026-04-25
557,User_0557,user0557@example.com,City_08,45,609,2026-04-26
558,User_0558,user0558@example.com,City_09,46,646,2026-04-27
559,User_0559,user0559@example.com,City_10,47,683,2026-04-28
560,User_0560,user0560@example.com,City_11,48,720,2026-04-01
561,User_0561,user0561@example.com,City_12,49,757,2026-04-02
562,User_0562,user0562@example.com,City_13,50,794,2026-04-03
563,User_0563,user0563@example.com,City_14,51,831,2026-04-04
564,User_0564,user0564@example.com,City_15,52,868,2026-04-05
565,User_0565,user0565@example.com,City_16,53,905,2026-04-06
566,User_0566,user0566@example.com,City_17,54,942,2026-04-07
567,User_0567,user0567@example.com,City_18,55,979,2026-04-08
568,User_0568,user0568@example.com,City_19,56,16,2026-04-09
569,User_0569,user0569@example.com,City_20,57,53,2026-04-10
570,User_0570,user0570@example.com,City_21,58,90,2026-04-11
571,User_0571,user0571@example.com,City_22,59,127,2026-04-12
572,User_0572,user0572@example.com,City_23,60,164,2026-04-13
573,User_0573,user0573@example.com,City_24,61,201,2026-04-14
574,User_0574,user0574@example.com,City_25,62,238,2026-04-15
575,User_0575,user0575@example.com,City_01,63,275,2026-04-16
576,User_0576,user0576@example.com,City_02,64,312,2026-04-17
577,User_0577,user0577@example.com,City_03,65,349,2026-04-18
578,User_0578,user0578@example.com,City_04,66,386,2026-04-19
579,User_0579,user0579@example.com,City_05,67,423,2026-04-20
580,User_0580,user0580@example.com,City_06,68,460,2026-04-21
581,User_0581,user0581@example.com,City_07,69,497,2026-04-22
582,User_0582,user0582@example.com,City_08,70,534,2026-04-23
583,User_0583,user0583@example.com,City_09,18,571,2026-04-24
584,User_0584,user0584@example.com,City_10,19,608,2026-04-25
585,User_0585,user0585@example.com,City_11,20,645,2026-04-26
586,User_0586,user0586@example.com,City_12,21,682,2026-04-27
587,User_0587,user0587@example.com,City_13,22,719,2026-04-28
588,User_0588,user0588@example.com,City_14,23,756,2026-04-01
589,User_0589,user0589@example.com,City_15,24,793,2026-04-02
590,User_0590,user0590@example.com,City_16,25,830,2026-04-03
591,User_0591,user0591@example.com,City_17,26,867,2026-04-04
592,User_0592,user0592@example.com,City_18,27,904,2026-04-05
593,User_0593,user0593@example.com,City_19,28,941,2026-04-06
594,User_0594,user0594@example.com,City_20,29,978,2026-04-07
595,User_0595,user0595@example.com,City_21,30,15,2026-04-08
596,User_0596,user0596@example.com,City_22,31,52,2026-04-09
597,User_0597,user0597@example.com,City_23,32,89,2026-04-10
598,User_0598,user0598@example.com,City_24,33,126,2026-04-11
599,User_0599,user0599@example.com,City_25,34,163,2026-04-12
600,User_0600,user0600@example.com,City_01,35,200,2026-04-13
601,User_0601,user0601@example.com,City_02,36,237,2026-04-14
602,User_0602,user0602@example.com,City_03,37,274,2026-04-15
603,User_0603,user0603@example.com,City_04,38,311,2026-04-16
604,User_0604,user0604@example.com,City_05,39,348,2026-04-17
605,User_0605,user0605@example.com,City_06,40,385,2026-04-18
606,User_0606,user0606@example.com,City_07,41,422,2026-04-19
607,User_0607,user0607@example.com,City_08,42,459,2026-04-20
608,User_0608,user0608@example.com,City_09,43,496,2026-04-21
609,User_0609,user0609@example.com,City_10,44,533,2026-04-22
610,User_0610,user0610@example.com,City_11,45,570,2026-04-23
611,User_0611,user0611@example.com,City_12,46,607,2026-04-24
612,User_0612,user0612@example.com,City_13,47,644,2026-04-25
613,User_0613,user0613@example.com,City_14,48,681,2026-04-26
614,User_0614,user0614@example.com,City_15,49,718,2026-04-27
615,User_0615,user0615@example.com,City_16,50,755,2026-04-28
616,User_0616,user0616@example.com,City_17,51,792,2026-04-01
617,User_0617,user0617@example.com,City_18,52,829,2026-04-02
618,User_0618,user0618@example.com,City_19,53,866,2026-04-03
619,User_0619,user0619@example.com,City_20,54,903,2026-04-04
620,User_0620,user0620@example.com,City_21,55,940,2026-04-05
621,User_0621,user0621@example.com,City_22,56,977,2026-04-06
622,User_0622,user0622@example.com,City_23,57,14,2026-04-07
623,User_0623,user0623@example.com,City_24,58,51,2026-04-08
624,User_0624,user0624@example.com,City_25,59,88,2026-04-09
625,User_0625,user0625@example.com,City_01,60,125,2026-04-10
626,User_0626,user0626@example.com,City_02,61,162,2026-04-11
627,User_0627,user0627@example.com,City_03,62,199,2026-04-12
628,User_0628,user0628@example.com,City_04,63,236,2026-04-13
629,User_0629,user0629@example.com,City_05,64,273,2026-04-14
630,User_0630,user0630@example.com,City_06,65,310,2026-04-15
631,User_0631,user0631@example.com,City_07,66,347,2026-04-16
632,User_0632,user0632@example.com,City_08,67,384,2026-04-17
633,User_0633,user0633@example.com,City_09,68,421,2026-04-18
634,User_0634,user0634@example.com,City_10,69,458,2026-04-19
635,User_0635,user0635@example.com,City_11,70,495,2026-04-20
636,User_0636,user0636@example.com,City_12,18,532,2026-04-21
637,User_0637,user0637@example.com,City_13,19,569,2026-04-22
638,User_0638,user0638@example.com,City_14,20,606,2026-04-23
639,User_0639,user0639@example.com,City_15,21,643,2026-04-24
640,User_0640,user0640@example.com,City_16,22,680,2026-04-25
641,User_0641,user0641@example.com,City_17,23,717,2026-04-26
642,User_0642,user0642@example.com,City_18,24,754,2026-04-27
643,User_0643,user0643@example.com,City_19,25,791,2026-04-28
644,User_0644,user0644@example.com,City_20,26,828,2026-04-01
645,User_0645,user0645@example.com,City_21,27,865,2026-04-02
646,User_0646,user0646@example.com,City_22,28,902,2026-04-03
647,User_0647,user0647@example.com,City_23,29,939,2026-04-04
648,User_0648,user0648@example.com,City_24,30,976,2026-04-05
649,User_0649,user0649@example.com,City_25,31,13,2026-04-06
650,User_0650,user0650@example.com,City_01,32,50,2026-04-07
651,User_0651,user0651@example.com,City_02,33,87,2026-04-08
652,User_0652,user0652@example.com,City_03,34,124,2026-04-09
653,User_0653,user0653@example.com,City_04,35,161,2026-04-10
654,User_0654,user0654@example.com,City_05,36,198,2026-04-11
655,User_0655,user0655@example.com,City_06,37,235,2026-04-12
656,User_0656,user0656@example.com,City_07,38,272,2026-04-13
657,User_0657,user0657@example.com,City_08,39,309,2026-04-14
658,User_0658,user0658@example.com,City_09,40,346,2026-04-15
659,User_0659,user0659@example.com,City_10,41,383,2026-04-16
660,User_0660,user0660@example.com,City_11,42,420,2026-04-17
661,User_0661,user0661@example.com,City_12,43,457,2026-04-18
662,User_0662,user0662@example.com,City_13,44,494,2026-04-19
663,User_0663,user0663@example.com,City_14,45,531,2026-04-20
664,User_0664,user0664@example.com,City_15,46,568,2026-04-21
665,User_0665,user0665@example.com,City_16,47,605,2026-04-22
666,User_0666,user0666@example.com,City_17,48,642,2026-04-23
667,User_0667,user0667@example.com,City_18,49,679,2026-04-24
668,User_0668,user0668@example.com,City_19,50,716,2026-04-25
669,User_0669,user0669@example.com,City_20,51,753,2026-04-26
670,User_0670,user0670@example.com,City_21,52,790,2026-04-27
671,User_0671,user0671@example.com,City_22,53,827,2026-04-28
672,User_0672,user0672@example.com,City_23,54,864,2026-04-01
673,User_0673,user0673@example.com,City_24,55,901,2026-04-02
674,User_0674,user0674@example.com,City_25,56,938,2026-04-03
675,User_0675,user0675@example.com,City_01,57,975,2026-04-04
676,User_0676,user0676@example.com,City_02,58,12,2026-04-05
677,User_0677,user0677@example.com,City_03,59,49,2026-04-06
678,User_0678,user0678@example.com,City_04,60,86,2026-04-07
679,User_0679,user0679@example.com,City_05,61,123,2026-04-08
680,User_0680,user0680@example.com,City_06,62,160,2026-04-09
681,User_0681,user0681@example.com,City_07,63,197,2026-04-10
682,User_0682,user0682@example.com,City_08,64,234,2026-04-11
683,User_0683,user0683@example.com,City_09,65,271,2026-04-12
684,User_0684,user0684@example.com,City_10,66,308,2026-04-13
685,User_0685,user0685@example.com,City_11,67,345,2026-04-14
686,User_0686,user0686@example.com,City_12,68,382,2026-04-15
687,User_0687,user0687@example.com,City_13,69,419,2026-04-16
688,User_0688,user0688@example.com,City_14,70,456,2026-04-17
689,User_0689,user0689@example.com,City_15,18,493,2026-04-18
690,User_0690,user0690@example.com,City_16,19,530,2026-04-19
691,User_0691,user0691@example.com,City_17,20,567,2026-04-20
692,User_0692,user0692@example.com,City_18,21,604,2026-04-21
693,User_0693,user0693@example.com,City_19,22,641,2026-04-22
694,User_0694,user0694@example.com,City_20,23,678,2026-04-23
695,User_0695,user0695@example.com,City_21,24,715,2026-04-24
696,User_0696,user0696@example.com,City_22,25,752,2026-04-25
697,User_0697,user0697@example.com,City_23,26,789,2026-04-26
698,User_0698,user0698@example.com,City_24,27,826,2026-04-27
699,User_0699,user0699@example.com,City_25,28,863,2026-04-28
700,User_0700,user0700@example.com,City_01,29,900,2026-04-01
701,User_0701,user0701@example.com,City_02,30,937,2026-04-02
702,User_0702,user0702@example.com,City_03,31,974,2026-04-03
703,User_0703,user0703@example.com,City_04,32,11,2026-04-04
704,User_0704,user0704@example.com,City_05,33,48,2026-04-05
705,User_0705,user0705@example.com,City_06,34,85,2026-04-06
706,User_0706,user0706@example.com,City_07,35,122,2026-04-07
707,User_0707,user0707@example.com,City_08,36,159,2026-04-08
708,User_0708,user0708@example.com,City_09,37,196,2026-04-09
709,User_0709,user0709@example.com,City_10,38,233,2026-04-10
710,User_0710,user0710@example.com,City_11,39,270,2026-04-11
711,User_0711,user0711@example.com,City_12,40,307,2026-04-12
712,User_0712,user0712@example.com,City_13,41,344,2026-04-13
713,User_0713,user0713@example.com,City_14,42,381,2026-04-14
714,User_0714,user0714@example.com,City_15,43,418,2026-04-15
715,User_0715,user0715@example.com,City_16,44,455,2026-04-16
716,User_0716,user0716@example.com,City_17,45,492,2026-04-17
717,User_0717,user0717@example.com,City_18,46,529,2026-04-18
718,User_0718,user0718@example.com,City_19,47,566,2026-04-19
719,User_0719,user0719@example.com,City_20,48,603,2026-04-20
720,User_0720,user0720@example.com,City_21,49,640,2026-04-21
721,User_0721,user0721@example.com,City_22,50,677,2026-04-22
722,User_0722,user0722@example.com,City_23,51,714,2026-04-23
723,User_0723,user0723@example.com,City_24,52,751,2026-04-24
724,User_0724,user0724@example.com,City_25,53,788,2026-04-25
725,User_0725,user0725@example.com,City_01,54,825,2026-04-26
726,User_0726,user0726@example.com,City_02,55,862,2026-04-27
727,User_0727,user0727@example.com,City_03,56,899,2026-04-28
728,User_0728,user0728@example.com,City_04,57,936,2026-04-01
729,User_0729,user0729@example.com,City_05,58,973,2026-04-02
730,User_0730,user0730@example.com,City_06,59,10,2026-04-03
731,User_0731,user0731@example.com,City_07,60,47,2026-04-04
732,User_0732,user0732@example.com,City_08,61,84,2026-04-05
733,User_0733,user0733@example.com,City_09,62,121,2026-04-06
734,User_0734,user0734@example.com,City_10,63,158,2026-04-07
735,User_0735,user0735@example.com,City_11,64,195,2026-04-08
736,User_0736,user0736@example.com,City_12,65,232,2026-04-09
737,User_0737,user0737@example.com,City_13,66,269,2026-04-10
738,User_0738,user0738@example.com,City_14,67,306,2026-04-11
739,User_0739,user0739@example.com,City_15,68,343,2026-04-12
740,User_0740,user0740@example.com,City_16,69,380,2026-04-13
741,User_0741,user0741@example.com,City_17,70,417,2026-04-14
742,User_0742,user0742@example.com,City_18,18,454,2026-04-15
743,User_0743,user0743@example.com,City_19,19,491,2026-04-16
744,User_0744,user0744@example.com,City_20,20,528,2026-04-17
745,User_0745,user0745@example.com,City_21,21,565,2026-04-18
746,User_0746,user0746@example.com,City_22,22,602,2026-04-19
747,User_0747,user0747@example.com,City_23,23,639,2026-04-20
748,User_0748,user0748@example.com,City_24,24,676,2026-04-21
749,User_0749,user0749@example.com,City_25,25,713,2026-04-22
750,User_0750,user0750@example.com,City_01,26,750,2026-04-23
751,User_0751,user0751@example.com,City_02,27,787,2026-04-24
752,User_0752,user0752@example.com,City_03,28,824,2026-04-25
753,User_0753,user0753@example.com,City_04,29,861,2026-04-26
754,User_0754,user0754@example.com,City_05,30,898,2026-04-27
755,User_0755,user0755@example.com,City_06,31,935,2026-04-28
756,User_0756,user0756@example.com,City_07,32,972,2026-04-01
757,User_0757,user0757@example.com,City_08,33,9,2026-04-02
758,User_0758,user0758@example.com,City_09,34,46,2026-04-03
759,User_0759,user0759@example.com,City_10,35,83,2026-04-04
760,User_0760,user0760@example.com,City_11,36,120,2026-04-05
761,User_0761,user0761@example.com,City_12,37,157,2026-04-06
762,User_0762,user0762@example.com,City_13,38,194,2026-04-07
763,User_0763,user0763@example.com,City_14,39,231,2026-04-08
764,User_0764,user0764@example.com,City_15,40,268,2026-04-09
765,User_0765,user0765@example.com,City_16,41,305,2026-04-10
766,User_0766,user0766@example.com,City_17,42,342,2026-04-11
767,User_0767,user0767@example.com,City_18,43,379,2026-04-12
768,User_0768,user0768@example.com,City_19,44,416,2026-04-13
769,User_0769,user0769@example.com,City_20,45,453,2026-04-14
770,User_0770,user0770@example.com,City_21,46,490,2026-04-15
771,User_0771,user0771@example.com,City_22,47,527,2026-04-16
772,User_0772,user0772@example.com,City_23,48,564,2026-04-17
773,User_0773,user0773@example.com,City_24,49,601,2026-04-18
774,User_0774,user0774@example.com,City_25,50,638,2026-04-19
775,User_0775,user0775@example.com,City_01,51,675,2026-04-20
776,User_0776,user0776@example.com,City_02,52,712,2026-04-21
777,User_0777,user0777@example.com,City_03,53,749,2026-04-22
778,User_0778,user0778@example.com,City_04,54,786,2026-04-23
779,User_0779,user0779@example.com,City_05,55,823,2026-04-24
780,User_0780,user0780@example.com,City_06,56,860,2026-04-25
781,User_0781,user0781@example.com,City_07,57,897,2026-04-26
782,User_0782,user0782@example.com,City_08,58,934,2026-04-27
783,User_0783,user0783@example.com,City_09,59,971,2026-04-28
784,User_0784,user0784@example.com,City_10,60,8,2026-04-01
785,User_0785,user0785@example.com,City_11,61,45,2026-04-02
786,User_0786,user0786@example.com,City_12,62,82,2026-04-03
787,User_0787,user0787@example.com,City_13,63,119,2026-04-04
788,User_0788,user0788@example.com,City_14,64,156,2026-04-05
789,User_0789,user0789@example.com,City_15,65,193,2026-04-06
790,User_0790,user0790@example.com,City_16,66,230,2026-04-07
791,User_0791,user0791@example.com,City_17,67,267,2026-04-08
792,User_0792,user0792@example.com,City_18,68,304,2026-04-09
793,User_0793,user0793@example.com,City_19,69,341,2026-04-10
794,User_0794,user0794@example.com,City_20,70,378,2026-04-11
795,User_0795,user0795@example.com,City_21,18,415,2026-04-12
796,User_0796,user0796@example.com,City_22,19,452,2026-04-13
797,User_0797,user0797@example.com,City_23,20,489,2026-04-14
798,User_0798,user0798@example.com,City_24,21,526,2026-04-15
799,User_0799,user0799@example.com,City_25,22,563,2026-04-16
800,User_0800,user0800@example.com,City_01,23,600,2026-04-17
801,User_0801,user0801@example.com,City_02,24,637,2026-04-18
802,User_0802,user0802@example.com,City_03,25,674,2026-04-19
803,User_0803,user0803@example.com,City_04,26,711,2026-04-20
804,User_0804,user0804@example.com,City_05,27,748,2026-04-21
805,User_0805,user0805@example.com,City_06,28,785,2026-04-22
806,User_0806,user0806@example.com,City_07,29,822,2026-04-23
807,User_0807,user0807@example.com,City_08,30,859,2026-04-24
808,User_0808,user0808@example.com,City_09,31,896,2026-04-25
809,User_0809,user0809@example.com,City_10,32,933,2026-04-26
810,User_0810,user0810@example.com,City_11,33,970,2026-04-27
811,User_0811,user0811@example.com,City_12,34,7,2026-04-28
812,User_0812,user0812@example.com,City_13,35,44,2026-04-01
813,User_0813,user0813@example.com,City_14,36,81,2026-04-02
814,User_0814,user0814@example.com,City_15,37,118,2026-04-03
815,User_0815,user0815@example.com,City_16,38,155,2026-04-04
816,User_0816,user0816@example.com,City_17,39,192,2026-04-05
817,User_0817,user0817@example.com,City_18,40,229,2026-04-06
818,User_0818,user0818@example.com,City_19,41,266,2026-04-07
819,User_0819,user0819@example.com,City_20,42,303,2026-04-08
820,User_0820,user0820@example.com,City_21,43,340,2026-04-09
821,User_0821,user0821@example.com,City_22,44,377,2026-04-10
822,User_0822,user0822@example.com,City_23,45,414,2026-04-11
823,User_0823,user0823@example.com,City_24,46,451,2026-04-12
824,User_0824,user0824@example.com,City_25,47,488,2026-04-13
825,User_0825,user0825@example.com,City_01,48,525,2026-04-14
826,User_0826,user0826@example.com,City_02,49,562,2026-04-15
827,User_0827,user0827@example.com,City_03,50,599,2026-04-16
828,User_0828,user0828@example.com,City_04,51,636,2026-04-17
829,User_0829,user0829@example.com,City_05,52,673,2026-04-18
830,User_0830,user0830@example.com,City_06,53,710,2026-04-19
831,User_0831,user0831@example.com,City_07,54,747,2026-04-20
832,User_0832,user0832@example.com,City_08,55,784,2026-04-21
833,User_0833,user0833@example.com,City_09,56,821,2026-04-22
834,User_0834,user0834@example.com,City_10,57,858,2026-04-23
835,User_0835,user0835@example.com,City_11,58,895,2026-04-24
836,User_0836,user0836@example.com,City_12,59,932,2026-04-25
837,User_0837,user0837@example.com,City_13,60,969,2026-04-26
838,User_0838,user0838@example.com,City_14,61,6,2026-04-27
839,User_0839,user0839@example.com,City_15,62,43,2026-04-28
840,User_0840,user0840@example.com,City_16,63,80,2026-04-01
841,User_0841,user0841@example.com,City_17,64,117,2026-04-02
842,User_0842,user0842@example.com,City_18,65,154,2026-04-03
843,User_0843,user0843@example.com,City_19,66,191,2026-04-04
844,User_0844,user0844@example.com,City_20,67,228,2026-04-05
845,User_0845,user0845@example.com,City_21,68,265,2026-04-06
846,User_0846,user0846@example.com,City_22,69,302,2026-04-07
847,User_0847,user0847@example.com,City_23,70,339,2026-04-08
848,User_0848,user0848@example.com,City_24,18,376,2026-04-09
849,User_0849,user0849@example.com,City_25,19,413,2026-04-10
850,User_0850,user0850@example.com,City_01,20,450,2026-04-11
851,User_0851,user0851@example.com,City_02,21,487,2026-04-12
852,User_0852,user0852@example.com,City_03,22,524,2026-04-13
853,User_0853,user0853@example.com,City_04,23,561,2026-04-14
854,User_0854,user0854@example.com,City_05,24,598,2026-04-15
855,User_0855,user0855@example.com,City_06,25,635,2026-04-16
856,User_0856,user0856@example.com,City_07,26,672,2026-04-17
857,User_0857,user0857@example.com,City_08,27,709,2026-04-18
858,User_0858,user0858@example.com,City_09,28,746,2026-04-19
859,User_0859,user0859@example.com,City_10,29,783,2026-04-20
860,User_0860,user0860@example.com,City_11,30,820,2026-04-21
861,User_0861,user0861@example.com,City_12,31,857,2026-04-22
862,User_0862,user0862@example.com,City_13,32,894,2026-04-23
863,User_0863,user0863@example.com,City_14,33,931,2026-04-24
864,User_0864,user0864@example.com,City_15,34,968,2026-04-25
865,User_0865,user0865@example.com,City_16,35,5,2026-04-26
866,User_0866,user0866@example.com,City_17,36,42,2026-04-27
867,User_0867,user0867@example.com,City_18,37,79,2026-04-28
868,User_0868,user0868@example.com,City_19,38,116,2026-04-01
869,User_0869,user0869@example.com,City_20,39,153,2026-04-02
870,User_0870,user0870@example.com,City_21,40,190,2026-04-03
871,User_0871,user0871@example.com,City_22,41,227,2026-04-04
872,User_0872,user0872@example.com,City_23,42,264,2026-04-05
873,User_0873,user0873@example.com,City_24,43,301,2026-04-06
874,User_0874,user0874@example.com,City_25,44,338,2026-04-07
875,User_0875,user0875@example.com,City_01,45,375,2026-04-08
876,User_0876,user0876@example.com,City_02,46,412,2026-04-09
877,User_0877,user0877@example.com,City_03,47,449,2026-04-10
878,User_0878,user0878@example.com,City_04,48,486,2026-04-11
879,User_0879,user0879@example.com,City_05,49,523,2026-04-12
880,User_0880,user0880@example.com,City_06,50,560,2026-04-13
881,User_0881,user0881@example.com,City_07,51,597,2026-04-14
882,User_0882,user0882@example.com,City_08,52,634,2026-04-15
883,User_0883,user0883@example.com,City_09,53,671,2026-04-16
884,User_0884,user0884@example.com,City_10,54,708,2026-04-17
885,User_0885,user0885@example.com,City_11,55,745,2026-04-18
886,User_0886,user0886@example.com,City_12,56,782,2026-04-19
887,User_0887,user0887@example.com,City_13,57,819,2026-04-20
888,User_0888,user0888@example.com,City_14,58,856,2026-04-21
889,User_0889,user0889@example.com,City_15,59,893,2026-04-22
890,User_0890,user0890@example.com,City_16,60,930,2026-04-23
891,User_0891,user0891@example.com,City_17,61,967,2026-04-24
892,User_0892,user0892@example.com,City_18,62,4,2026-04-25
893,User_0893,user0893@example.com,City_19,63,41,2026-04-26
894,User_0894,user0894@example.com,City_20,64,78,2026-04-27
895,User_0895,user0895@example.com,City_21,65,115,2026-04-28
896,User_0896,user0896@example.com,City_22,66,152,2026-04-01
897,User_0897,user0897@example.com,City_23,67,189,2026-04-02
898,User_0898,user0898@example.com,City_24,68,226,2026-04-03
899,User_0899,user0899@example.com,City_25,69,263,2026-04-04
900,User_0900,user0900@example.com,City_01,70,300,2026-04-05
901,User_0901,user0901@example.com,City_02,18,337,2026-04-06
902,User_0902,user0902@example.com,City_03,19,374,2026-04-07
903,User_0903,user0903@example.com,City_04,20,411,2026-04-08
904,User_0904,user0904@example.com,City_05,21,448,2026-04-09
905,User_0905,user0905@example.com,City_06,22,485,2026-04-10
906,User_0906,user0906@example.com,City_07,23,522,2026-04-11
907,User_0907,user0907@example.com,City_08,24,559,2026-04-12
908,User_0908,user0908@example.com,City_09,25,596,2026-04-13
909,User_0909,user0909@example.com,City_10,26,633,2026-04-14
910,User_0910,user0910@example.com,City_11,27,670,2026-04-15
911,User_0911,user0911@example.com,City_12,28,707,2026-04-16
912,User_0912,user0912@example.com,City_13,29,744,2026-04-17
913,User_0913,user0913@example.com,City_14,30,781,2026-04-18
914,User_0914,user0914@example.com,City_15,31,818,2026-04-19
915,User_0915,user0915@example.com,City_16,32,855,2026-04-20
916,User_0916,user0916@example.com,City_17,33,892,2026-04-21
917,User_0917,user0917@example.com,City_18,34,929,2026-04-22
918,User_0918,user0918@example.com,City_19,35,966,2026-04-23
919,User_0919,user0919@example.com,City_20,36,3,2026-04-24
920,User_0920,user0920@example.com,City_21,37,40,2026-04-25
921,User_0921,user0921@example.com,City_22,38,77,2026-04-26
922,User_0922,user0922@example.com,City_23,39,114,2026-04-27
923,User_0923,user0923@example.com,City_24,40,151,2026-04-28
924,User_0924,user0924@example.com,City_25,41,188,2026-04-01
925,User_0925,user0925@example.com,City_01,42,225,2026-04-02
926,User_0926,user0926@example.com,City_02,43,262,2026-04-03
927,User_0927,user0927@example.com,City_03,44,299,2026-04-04
928,User_0928,user0928@example.com,City_04,45,336,2026-04-05
929,User_0929,user0929@example.com,City_05,46,373,2026-04-06
930,User_0930,user0930@example.com,City_06,47,410,2026-04-07
931,User_0931,user0931@example.com,City_07,48,447,2026-04-08
932,User_0932,user0932@example.com,City_08,49,484,2026-04-09
933,User_0933,user0933@example.com,City_09,50,521,2026-04-10
934,User_0934,user0934@example.com,City_10,51,558,2026-04-11
935,User_0935,user0935@example.com,City_11,52,595,2026-04-12
936,User_0936,user0936@example.com,City_12,53,632,2026-04-13
937,User_0937,user0937@example.com,City_13,54,669,2026-04-14
938,User_0938,user0938@example.com,City_14,55,706,2026-04-15
939,User_0939,user0939@example.com,City_15,56,743,2026-04-16
940,User_0940,user0940@example.com,City_16,57,780,2026-04-17
941,User_0941,user0941@example.com,City_17,58,817,2026-04-18
942,User_0942,user0942@example.com,City_18,59,854,2026-04-19
943,User_0943,user0943@example.com,City_19,60,891,2026-04-20
944,User_0944,user0944@example.com,City_20,61,928,2026-04-21
945,User_0945,user0945@example.com,City_21,62,965,2026-04-22
946,User_0946,user0946@example.com,City_22,63,2,2026-04-23
947,User_0947,user0947@example.com,City_23,64,39,2026-04-24
948,User_0948,user0948@example.com,City_24,65,76,2026-04-25
949,User_0949,user0949@example.com,City_25,66,113,2026-04-26
950,User_0950,user0950@example.com,City_01,67,150,2026-04-27
951,User_0951,user0951@example.com,City_02,68,187,2026-04-28
952,User_0952,user0952@example.com,City_03,69,224,2026-04-01
953,User_0953,user0953@example.com,City_04,70,261,2026-04-02
954,User_0954,user0954@example.com,City_05,18,298,2026-04-03
955,User_0955,user0955@example.com,City_06,19,335,2026-04-04
956,User_0956,user0956@example.com,City_07,20,372,2026-04-05
957,User_0957,user0957@example.com,City_08,21,409,2026-04-06
958,User_0958,user0958@example.com,City_09,22,446,2026-04-07
959,User_0959,user0959@example.com,City_10,23,483,2026-04-08
960,User_0960,user0960@example.com,City_11,24,520,2026-04-09
961,User_0961,user0961@example.com,City_12,25,557,2026-04-10
962,User_0962,user0962@example.com,City_13,26,594,2026-04-11
963,User_0963,user0963@example.com,City_14,27,631,2026-04-12
964,User_0964,user0964@example.com,City_15,28,668,2026-04-13
965,User_0965,user0965@example.com,City_16,29,705,2026-04-14
966,User_0966,user0966@example.com,City_17,30,742,2026-04-15
967,User_0967,user0967@example.com,City_18,31,779,2026-04-16
968,User_0968,user0968@example.com,City_19,32,816,2026-04-17
969,User_0969,user0969@example.com,City_20,33,853,2026-04-18
970,User_0970,user0970@example.com,City_21,34,890,2026-04-19
971,User_0971,user0971@example.com,City_22,35,927,2026-04-20
972,User_0972,user0972@example.com,City_23,36,964,2026-04-21
973,User_0973,user0973@example.com,City_24,37,1,2026-04-22
974,User_0974,user0974@example.com,City_25,38,38,2026-04-23
975,User_0975,user0975@example.com,City_01,39,75,2026-04-24
976,User_0976,user0976@example.com,City_02,40,112,2026-04-25
977,User_0977,user0977@example.com,City_03,41,149,2026-04-26
978,User_0978,user0978@example.com,City_04,42,186,2026-04-27
979,User_0979,user0979@example.com,City_05,43,223,2026-04-28
980,User_0980,user0980@example.com,City_06,44,260,2026-04-01
981,User_0981,user0981@example.com,City_07,45,297,2026-04-02
982,User_0982,user0982@example.com,City_08,46,334,2026-04-03
983,User_0983,user0983@example.com,City_09,47,371,2026-04-04
984,User_0984,user0984@example.com,City_10,48,408,2026-04-05
985,User_0985,user0985@example.com,City_11,49,445,2026-04-06
986,User_0986,user0986@example.com,City_12,50,482,2026-04-07
987,User_0987,user0987@example.com,City_13,51,519,2026-04-08
988,User_0988,user0988@example.com,City_14,52,556,2026-04-09
989,User_0989,user0989@example.com,City_15,53,593,2026-04-10
990,User_0990,user0990@example.com,City_16,54,630,2026-04-11
991,User_0991,user0991@example.com,City_17,55,667,2026-04-12
992,User_0992,user0992@example.com,City_18,56,704,2026-04-13
993,User_0993,user0993@example.com,City_19,57,741,2026-04-14
994,User_0994,user0994@example.com,City_20,58,778,2026-04-15
995,User_0995,user0995@example.com,City_21,59,815,2026-04-16
996,User_0996,user0996@example.com,City_22,60,852,2026-04-17
997,User_0997,user0997@example.com,City_23,61,889,2026-04-18
998,User_0998,user0998@example.com,City_24,62,926,2026-04-19
999,User_0999,user0999@example.com,City_25,63,963,2026-04-20
1000,User_1000,user1000@example.com,City_01,64,0,2026-04-21
